name,ages,errors,site,lat,lon,group average,group std_dev,group std_error
AleHak2014-A-10-CF-4,11256,1156,AleHak2014,71.153,-22.667,11256,,
AleHak2014-A-10-CF-4,11256,1156,AleHak2014,71.153,-22.667,9606,,
AleHak2014-A-10-CF-4,11256,1156,AleHak2014,71.153,-22.667,12291,,
AleHak2014-A-10-CF-4,11256,1156,AleHak2014,71.153,-22.667,8692,,
AleHak2014-D-10-CF-9,9606,529,AleHak2014,71.135,-22.759,11256,,
AleHak2014-D-10-CF-9,9606,529,AleHak2014,71.135,-22.759,9606,,
AleHak2014-D-10-CF-9,9606,529,AleHak2014,71.135,-22.759,12291,,
AleHak2014-D-10-CF-9,9606,529,AleHak2014,71.135,-22.759,8692,,
AleHak2014-E-13-GE-1,12291,1639,AleHak2014,70.771,-22.769,11256,,
AleHak2014-E-13-GE-1,12291,1639,AleHak2014,70.771,-22.769,9606,,
AleHak2014-E-13-GE-1,12291,1639,AleHak2014,70.771,-22.769,12291,,
AleHak2014-E-13-GE-1,12291,1639,AleHak2014,70.771,-22.769,8692,,
AleHak2014-E-13-GE-5,8692,586,AleHak2014,70.774,-22.759,11256,,
AleHak2014-E-13-GE-5,8692,586,AleHak2014,70.774,-22.759,9606,,
AleHak2014-E-13-GE-5,8692,586,AleHak2014,70.774,-22.759,12291,,
AleHak2014-E-13-GE-5,8692,586,AleHak2014,70.774,-22.759,8692,,
12GRO-7,8191,164,DRYM1,70.21378,-50.4735,8191,,
12GRO-7,8191,164,DRYM1,70.21378,-50.4735,8738,,
12GRO-8,8738,255,DRYM1,70.2131,-50.47272,8191,,
12GRO-8,8738,255,DRYM1,70.2131,-50.47272,8738,,
12GRO-9,8239,165,DRYM2,70.22152,-50.45253,8239,,
12GRO-9,8239,165,DRYM2,70.22152,-50.45253,8444,,
12GRO-9,8239,165,DRYM2,70.22152,-50.45253,8637,,
12GRO-10,8444,169,DRYM2,70.22152,-50.45253,8239,,
12GRO-10,8444,169,DRYM2,70.22152,-50.45253,8444,,
12GRO-10,8444,169,DRYM2,70.22152,-50.45253,8637,,
12GRO-11,8637,160,DRYM2,70.22152,-50.45253,8239,,
12GRO-11,8637,160,DRYM2,70.22152,-50.45253,8444,,
12GRO-11,8637,160,DRYM2,70.22152,-50.45253,8637,,
12GRO-16,7509,230,DRYM3,70.21252,-50.45955,7509,,
12GRO-16,7509,230,DRYM3,70.21252,-50.45955,7515,,
12GRO-17,7515,134,DRYM3,70.21252,-50.45955,7509,,
12GRO-17,7515,134,DRYM3,70.21252,-50.45955,7515,,
FJM1-16GRO-12,8769,216,FJM1,66.7974,-50.77984,8769,,
FJM1-16GRO-12,8769,216,FJM1,66.7974,-50.77984,9113,,
FJM1-16GRO-12,8769,216,FJM1,66.7974,-50.77984,9119,,
FJM1-16GRO-12,8769,216,FJM1,66.7974,-50.77984,8731,,
FJM1-16GRO-14,9113,267,FJM1,66.79964,-50.77192,8769,,
FJM1-16GRO-14,9113,267,FJM1,66.79964,-50.77192,9113,,
FJM1-16GRO-14,9113,267,FJM1,66.79964,-50.77192,9119,,
FJM1-16GRO-14,9113,267,FJM1,66.79964,-50.77192,8731,,
FJM1-16GRO-15,9119,321,FJM1,66.79989,-50.77032,8769,,
FJM1-16GRO-15,9119,321,FJM1,66.79989,-50.77032,9113,,
FJM1-16GRO-15,9119,321,FJM1,66.79989,-50.77032,9119,,
FJM1-16GRO-15,9119,321,FJM1,66.79989,-50.77032,8731,,
FJM1-16GRO-16,8731,368,FJM1,66.79979,-50.77116,8769,,
FJM1-16GRO-16,8731,368,FJM1,66.79979,-50.77116,9113,,
FJM1-16GRO-16,8731,368,FJM1,66.79979,-50.77116,9119,,
FJM1-16GRO-16,8731,368,FJM1,66.79979,-50.77116,8731,,
FJM2-16GRO-71,11126,383,FJM2,66.98943,-51.47161,11126,,
FJM2-16GRO-71,11126,383,FJM2,66.98943,-51.47161,9274,,
FJM2-16GRO-71,11126,383,FJM2,66.98943,-51.47161,8872,,
FJM2-16GRO-71,11126,383,FJM2,66.98943,-51.47161,9007,,
FJM2-16GRO-73,9274,367,FJM2,66.99014,-51.46722,11126,,
FJM2-16GRO-73,9274,367,FJM2,66.99014,-51.46722,9274,,
FJM2-16GRO-73,9274,367,FJM2,66.99014,-51.46722,8872,,
FJM2-16GRO-73,9274,367,FJM2,66.99014,-51.46722,9007,,
FJM2-16GRO-74,8872,329,FJM2,66.98933,-51.46445,11126,,
FJM2-16GRO-74,8872,329,FJM2,66.98933,-51.46445,9274,,
FJM2-16GRO-74,8872,329,FJM2,66.98933,-51.46445,8872,,
FJM2-16GRO-74,8872,329,FJM2,66.98933,-51.46445,9007,,
FJM2-16GRO-75,9007,266,FJM2,66.98938,-51.46329,11126,,
FJM2-16GRO-75,9007,266,FJM2,66.98938,-51.46329,9274,,
FJM2-16GRO-75,9007,266,FJM2,66.98938,-51.46329,8872,,
FJM2-16GRO-75,9007,266,FJM2,66.98938,-51.46329,9007,,
MKG-136,10886,420,FONF-LTMOR,70.558,-26.105,10886,,
MKG-136,10886,420,FONF-LTMOR,70.558,-26.105,10883,,
MKG-136,10886,420,FONF-LTMOR,70.558,-26.105,11135,,
MKG-136,10886,420,FONF-LTMOR,70.558,-26.105,12081,,
MKG-136,10886,420,FONF-LTMOR,70.558,-26.105,11905,,
MKG-136,10886,420,FONF-LTMOR,70.558,-26.105,10473,,
MKG-136,10886,420,FONF-LTMOR,70.558,-26.105,10108,,
MKG-136,10886,420,FONF-LTMOR,70.558,-26.105,10927,,
MKG-135,10883,381,FONF-LTMOR,70.558,-26.105,10886,,
MKG-135,10883,381,FONF-LTMOR,70.558,-26.105,10883,,
MKG-135,10883,381,FONF-LTMOR,70.558,-26.105,11135,,
MKG-135,10883,381,FONF-LTMOR,70.558,-26.105,12081,,
MKG-135,10883,381,FONF-LTMOR,70.558,-26.105,11905,,
MKG-135,10883,381,FONF-LTMOR,70.558,-26.105,10473,,
MKG-135,10883,381,FONF-LTMOR,70.558,-26.105,10108,,
MKG-135,10883,381,FONF-LTMOR,70.558,-26.105,10927,,
MKG-134,11135,225,FONF-LTMOR,70.558,-26.105,10886,,
MKG-134,11135,225,FONF-LTMOR,70.558,-26.105,10883,,
MKG-134,11135,225,FONF-LTMOR,70.558,-26.105,11135,,
MKG-134,11135,225,FONF-LTMOR,70.558,-26.105,12081,,
MKG-134,11135,225,FONF-LTMOR,70.558,-26.105,11905,,
MKG-134,11135,225,FONF-LTMOR,70.558,-26.105,10473,,
MKG-134,11135,225,FONF-LTMOR,70.558,-26.105,10108,,
MKG-134,11135,225,FONF-LTMOR,70.558,-26.105,10927,,
MKG-132,12081,258,FONF-LTMOR,70.557,-26.105,10886,,
MKG-132,12081,258,FONF-LTMOR,70.557,-26.105,10883,,
MKG-132,12081,258,FONF-LTMOR,70.557,-26.105,11135,,
MKG-132,12081,258,FONF-LTMOR,70.557,-26.105,12081,,
MKG-132,12081,258,FONF-LTMOR,70.557,-26.105,11905,,
MKG-132,12081,258,FONF-LTMOR,70.557,-26.105,10473,,
MKG-132,12081,258,FONF-LTMOR,70.557,-26.105,10108,,
MKG-132,12081,258,FONF-LTMOR,70.557,-26.105,10927,,
MKG-129,11905,238,FONF-LTMOR,70.557,-26.105,10886,,
MKG-129,11905,238,FONF-LTMOR,70.557,-26.105,10883,,
MKG-129,11905,238,FONF-LTMOR,70.557,-26.105,11135,,
MKG-129,11905,238,FONF-LTMOR,70.557,-26.105,12081,,
MKG-129,11905,238,FONF-LTMOR,70.557,-26.105,11905,,
MKG-129,11905,238,FONF-LTMOR,70.557,-26.105,10473,,
MKG-129,11905,238,FONF-LTMOR,70.557,-26.105,10108,,
MKG-129,11905,238,FONF-LTMOR,70.557,-26.105,10927,,
MKG-123,10473,249,FONF-LTMOR,70.566,-26.105,10886,,
MKG-123,10473,249,FONF-LTMOR,70.566,-26.105,10883,,
MKG-123,10473,249,FONF-LTMOR,70.566,-26.105,11135,,
MKG-123,10473,249,FONF-LTMOR,70.566,-26.105,12081,,
MKG-123,10473,249,FONF-LTMOR,70.566,-26.105,11905,,
MKG-123,10473,249,FONF-LTMOR,70.566,-26.105,10473,,
MKG-123,10473,249,FONF-LTMOR,70.566,-26.105,10108,,
MKG-123,10473,249,FONF-LTMOR,70.566,-26.105,10927,,
MKG-122,10108,234,FONF-LTMOR,70.567,-26.105,10886,,
MKG-122,10108,234,FONF-LTMOR,70.567,-26.105,10883,,
MKG-122,10108,234,FONF-LTMOR,70.567,-26.105,11135,,
MKG-122,10108,234,FONF-LTMOR,70.567,-26.105,12081,,
MKG-122,10108,234,FONF-LTMOR,70.567,-26.105,11905,,
MKG-122,10108,234,FONF-LTMOR,70.567,-26.105,10473,,
MKG-122,10108,234,FONF-LTMOR,70.567,-26.105,10108,,
MKG-122,10108,234,FONF-LTMOR,70.567,-26.105,10927,,
MKG-121,10927,224,FONF-LTMOR,70.566,-26.105,10886,,
MKG-121,10927,224,FONF-LTMOR,70.566,-26.105,10883,,
MKG-121,10927,224,FONF-LTMOR,70.566,-26.105,11135,,
MKG-121,10927,224,FONF-LTMOR,70.566,-26.105,12081,,
MKG-121,10927,224,FONF-LTMOR,70.566,-26.105,11905,,
MKG-121,10927,224,FONF-LTMOR,70.566,-26.105,10473,,
MKG-121,10927,224,FONF-LTMOR,70.566,-26.105,10108,,
MKG-121,10927,224,FONF-LTMOR,70.566,-26.105,10927,,
MKG-127,11010,224,FONF-PROXM,70.56,-26.105,11010,,
MKG-127,11010,224,FONF-PROXM,70.56,-26.105,10227,,
MKG-126,10227,240,FONF-PROXM,70.56,-26.105,11010,,
MKG-126,10227,240,FONF-PROXM,70.56,-26.105,10227,,
13-GE-5,8675,1170,GasM-N,70.4641,-22.4552,8675,,
13-GE-1,12266,3272,GasM-S,70.4625,-22.4616,12266,,
21-GL1455,10139,407,GLETLUKK-L,63.1777,-41.495,10139,,
21-GL1455,10139,407,GLETLUKK-L,63.1777,-41.495,8372,,
21-GL1453,8372,567,GLETLUKK-L,63.1777,-41.495,10139,,
21-GL1453,8372,567,GLETLUKK-L,63.1777,-41.495,8372,,
21-GL1465,9750,183,GLETLUKK-R,63.1558,-41.4948,9750,,
21-GL1465,9750,183,GLETLUKK-R,63.1558,-41.4948,9829,,
21-GL1465,9750,183,GLETLUKK-R,63.1558,-41.4948,10185,,
21-GL1464,9829,225,GLETLUKK-R,63.1557,-41.4947,9750,,
21-GL1464,9829,225,GLETLUKK-R,63.1557,-41.4947,9829,,
21-GL1464,9829,225,GLETLUKK-R,63.1557,-41.4947,10185,,
21-GL1462,10185,193,GLETLUKK-R,63.1558,-41.4936,9750,,
21-GL1462,10185,193,GLETLUKK-R,63.1558,-41.4936,9829,,
21-GL1462,10185,193,GLETLUKK-R,63.1558,-41.4936,10185,,
PEA0719,12401,602,HENSON,83.6142,-32.9454,12401,,
PEA0719,12401,602,HENSON,83.6142,-32.9454,12371,,
PEA0721,12371,617,HENSON,83.6135,-32.9113,12401,,
PEA0721,12371,617,HENSON,83.6135,-32.9113,12371,,
WM-006,11111,702,HUMB2,79.922,-63.74,11111,,
WM-006,11111,702,HUMB2,79.922,-63.74,7868,,
WM-006,11111,702,HUMB2,79.922,-63.74,8734,,
WM-006,11111,702,HUMB2,79.922,-63.74,11294,,
WM-006,11111,702,HUMB2,79.922,-63.74,8372,,
WM-006,11111,702,HUMB2,79.922,-63.74,7542,,
WM-005,7868,249,HUMB2,79.923,-63.748,11111,,
WM-005,7868,249,HUMB2,79.923,-63.748,7868,,
WM-005,7868,249,HUMB2,79.923,-63.748,8734,,
WM-005,7868,249,HUMB2,79.923,-63.748,11294,,
WM-005,7868,249,HUMB2,79.923,-63.748,8372,,
WM-005,7868,249,HUMB2,79.923,-63.748,7542,,
WM-004,8734,341,HUMB2,79.923,-63.758,11111,,
WM-004,8734,341,HUMB2,79.923,-63.758,7868,,
WM-004,8734,341,HUMB2,79.923,-63.758,8734,,
WM-004,8734,341,HUMB2,79.923,-63.758,11294,,
WM-004,8734,341,HUMB2,79.923,-63.758,8372,,
WM-004,8734,341,HUMB2,79.923,-63.758,7542,,
WM-003,11294,734,HUMB2,79.923,-63.759,11111,,
WM-003,11294,734,HUMB2,79.923,-63.759,7868,,
WM-003,11294,734,HUMB2,79.923,-63.759,8734,,
WM-003,11294,734,HUMB2,79.923,-63.759,11294,,
WM-003,11294,734,HUMB2,79.923,-63.759,8372,,
WM-003,11294,734,HUMB2,79.923,-63.759,7542,,
WM-002,8372,358,HUMB2,79.923,-63.755,11111,,
WM-002,8372,358,HUMB2,79.923,-63.755,7868,,
WM-002,8372,358,HUMB2,79.923,-63.755,8734,,
WM-002,8372,358,HUMB2,79.923,-63.755,11294,,
WM-002,8372,358,HUMB2,79.923,-63.755,8372,,
WM-002,8372,358,HUMB2,79.923,-63.755,7542,,
WM-001,7542,254,HUMB2,79.923,-63.755,11111,,
WM-001,7542,254,HUMB2,79.923,-63.755,7868,,
WM-001,7542,254,HUMB2,79.923,-63.755,8734,,
WM-001,7542,254,HUMB2,79.923,-63.755,11294,,
WM-001,7542,254,HUMB2,79.923,-63.755,8372,,
WM-001,7542,254,HUMB2,79.923,-63.755,7542,,
21-OED1811A,6651,274,ISUNNORK,67.1579,-50.1045,6651,,
21-OED1811A,6651,274,ISUNNORK,67.1579,-50.1045,6713,,
21-OED1811A,6651,274,ISUNNORK,67.1579,-50.1045,6662,,
21-OED1810A,6713,244,ISUNNORK,67.1601,-50.1004,6651,,
21-OED1810A,6713,244,ISUNNORK,67.1601,-50.1004,6713,,
21-OED1810A,6713,244,ISUNNORK,67.1601,-50.1004,6662,,
21-OED1809A,6662,295,ISUNNORK,67.1601,-50.1005,6651,,
21-OED1809A,6662,295,ISUNNORK,67.1601,-50.1005,6713,,
21-OED1809A,6662,295,ISUNNORK,67.1601,-50.1005,6662,,
KN08-22,7798,214,KEGM1,67.0445,-50.536,7798,,
KN09-08,7991,192,KEGM2,67.0446,-50.5352,7991,,
KN09-08,7991,192,KEGM2,67.0446,-50.5352,8091,,
GRE-10,8091,1757,KEGM2,67.425,-50.201,7991,,
GRE-10,8091,1757,KEGM2,67.425,-50.201,8091,,
KN09-09,7811,210,KEGM3,67.0446,-50.5352,7811,,
KN09-09,7811,210,KEGM3,67.0446,-50.5352,8798,,
GRE-11,8798,1240,KEGM3,67.429,-50.211,7811,,
GRE-11,8798,1240,KEGM3,67.429,-50.211,8798,,
Kell2008-B-MKG-32,11194,284,Kell2008-B,71.55361,-24.90444,11194,,
Kell2008-B-MKG-32,11194,284,Kell2008-B,71.55361,-24.90444,12071,,
Kell2008-B-MKG-32,11194,284,Kell2008-B,71.55361,-24.90444,11408,,
Kell2008-B-MKG-32,11194,284,Kell2008-B,71.55361,-24.90444,11753,,
Kell2008-B-MKG-32,11194,284,Kell2008-B,71.55361,-24.90444,12381,,
Kell2008-B-MKG-32,11194,284,Kell2008-B,71.55361,-24.90444,12212,,
Kell2008-B-MKG-32,11194,284,Kell2008-B,71.55361,-24.90444,10851,,
Kell2008-B-MKG-32,11194,284,Kell2008-B,71.55361,-24.90444,12402,,
Kell2008-B-MKG-32,11194,284,Kell2008-B,71.55361,-24.90444,11078,,
Kell2008-B-MKG-32,11194,284,Kell2008-B,71.55361,-24.90444,11912,,
Kell2008-B-MKG-36,12071,405,Kell2008-B,71.54306,-24.88722,11194,,
Kell2008-B-MKG-36,12071,405,Kell2008-B,71.54306,-24.88722,12071,,
Kell2008-B-MKG-36,12071,405,Kell2008-B,71.54306,-24.88722,11408,,
Kell2008-B-MKG-36,12071,405,Kell2008-B,71.54306,-24.88722,11753,,
Kell2008-B-MKG-36,12071,405,Kell2008-B,71.54306,-24.88722,12381,,
Kell2008-B-MKG-36,12071,405,Kell2008-B,71.54306,-24.88722,12212,,
Kell2008-B-MKG-36,12071,405,Kell2008-B,71.54306,-24.88722,10851,,
Kell2008-B-MKG-36,12071,405,Kell2008-B,71.54306,-24.88722,12402,,
Kell2008-B-MKG-36,12071,405,Kell2008-B,71.54306,-24.88722,11078,,
Kell2008-B-MKG-36,12071,405,Kell2008-B,71.54306,-24.88722,11912,,
Kell2008-B-MKG-89,11408,333,Kell2008-B,71.48242,-24.81421,11194,,
Kell2008-B-MKG-89,11408,333,Kell2008-B,71.48242,-24.81421,12071,,
Kell2008-B-MKG-89,11408,333,Kell2008-B,71.48242,-24.81421,11408,,
Kell2008-B-MKG-89,11408,333,Kell2008-B,71.48242,-24.81421,11753,,
Kell2008-B-MKG-89,11408,333,Kell2008-B,71.48242,-24.81421,12381,,
Kell2008-B-MKG-89,11408,333,Kell2008-B,71.48242,-24.81421,12212,,
Kell2008-B-MKG-89,11408,333,Kell2008-B,71.48242,-24.81421,10851,,
Kell2008-B-MKG-89,11408,333,Kell2008-B,71.48242,-24.81421,12402,,
Kell2008-B-MKG-89,11408,333,Kell2008-B,71.48242,-24.81421,11078,,
Kell2008-B-MKG-89,11408,333,Kell2008-B,71.48242,-24.81421,11912,,
Kell2008-B-MKG-92,11753,318,Kell2008-B,71.47827,-24.80632,11194,,
Kell2008-B-MKG-92,11753,318,Kell2008-B,71.47827,-24.80632,12071,,
Kell2008-B-MKG-92,11753,318,Kell2008-B,71.47827,-24.80632,11408,,
Kell2008-B-MKG-92,11753,318,Kell2008-B,71.47827,-24.80632,11753,,
Kell2008-B-MKG-92,11753,318,Kell2008-B,71.47827,-24.80632,12381,,
Kell2008-B-MKG-92,11753,318,Kell2008-B,71.47827,-24.80632,12212,,
Kell2008-B-MKG-92,11753,318,Kell2008-B,71.47827,-24.80632,10851,,
Kell2008-B-MKG-92,11753,318,Kell2008-B,71.47827,-24.80632,12402,,
Kell2008-B-MKG-92,11753,318,Kell2008-B,71.47827,-24.80632,11078,,
Kell2008-B-MKG-92,11753,318,Kell2008-B,71.47827,-24.80632,11912,,
Kell2008-B-MKG-98,12381,415,Kell2008-B,71.51181,-24.81143,11194,,
Kell2008-B-MKG-98,12381,415,Kell2008-B,71.51181,-24.81143,12071,,
Kell2008-B-MKG-98,12381,415,Kell2008-B,71.51181,-24.81143,11408,,
Kell2008-B-MKG-98,12381,415,Kell2008-B,71.51181,-24.81143,11753,,
Kell2008-B-MKG-98,12381,415,Kell2008-B,71.51181,-24.81143,12381,,
Kell2008-B-MKG-98,12381,415,Kell2008-B,71.51181,-24.81143,12212,,
Kell2008-B-MKG-98,12381,415,Kell2008-B,71.51181,-24.81143,10851,,
Kell2008-B-MKG-98,12381,415,Kell2008-B,71.51181,-24.81143,12402,,
Kell2008-B-MKG-98,12381,415,Kell2008-B,71.51181,-24.81143,11078,,
Kell2008-B-MKG-98,12381,415,Kell2008-B,71.51181,-24.81143,11912,,
Kell2008-B-MKG-100,12212,540,Kell2008-B,71.513,-24.9358,11194,,
Kell2008-B-MKG-100,12212,540,Kell2008-B,71.513,-24.9358,12071,,
Kell2008-B-MKG-100,12212,540,Kell2008-B,71.513,-24.9358,11408,,
Kell2008-B-MKG-100,12212,540,Kell2008-B,71.513,-24.9358,11753,,
Kell2008-B-MKG-100,12212,540,Kell2008-B,71.513,-24.9358,12381,,
Kell2008-B-MKG-100,12212,540,Kell2008-B,71.513,-24.9358,12212,,
Kell2008-B-MKG-100,12212,540,Kell2008-B,71.513,-24.9358,10851,,
Kell2008-B-MKG-100,12212,540,Kell2008-B,71.513,-24.9358,12402,,
Kell2008-B-MKG-100,12212,540,Kell2008-B,71.513,-24.9358,11078,,
Kell2008-B-MKG-100,12212,540,Kell2008-B,71.513,-24.9358,11912,,
Kell2008-B-MKG-101,10851,445,Kell2008-B,71.513,-24.9358,11194,,
Kell2008-B-MKG-101,10851,445,Kell2008-B,71.513,-24.9358,12071,,
Kell2008-B-MKG-101,10851,445,Kell2008-B,71.513,-24.9358,11408,,
Kell2008-B-MKG-101,10851,445,Kell2008-B,71.513,-24.9358,11753,,
Kell2008-B-MKG-101,10851,445,Kell2008-B,71.513,-24.9358,12381,,
Kell2008-B-MKG-101,10851,445,Kell2008-B,71.513,-24.9358,12212,,
Kell2008-B-MKG-101,10851,445,Kell2008-B,71.513,-24.9358,10851,,
Kell2008-B-MKG-101,10851,445,Kell2008-B,71.513,-24.9358,12402,,
Kell2008-B-MKG-101,10851,445,Kell2008-B,71.513,-24.9358,11078,,
Kell2008-B-MKG-101,10851,445,Kell2008-B,71.513,-24.9358,11912,,
Kell2008-B-MKG-102,12402,300,Kell2008-B,71.51228,-24.9381,11194,,
Kell2008-B-MKG-102,12402,300,Kell2008-B,71.51228,-24.9381,12071,,
Kell2008-B-MKG-102,12402,300,Kell2008-B,71.51228,-24.9381,11408,,
Kell2008-B-MKG-102,12402,300,Kell2008-B,71.51228,-24.9381,11753,,
Kell2008-B-MKG-102,12402,300,Kell2008-B,71.51228,-24.9381,12381,,
Kell2008-B-MKG-102,12402,300,Kell2008-B,71.51228,-24.9381,12212,,
Kell2008-B-MKG-102,12402,300,Kell2008-B,71.51228,-24.9381,10851,,
Kell2008-B-MKG-102,12402,300,Kell2008-B,71.51228,-24.9381,12402,,
Kell2008-B-MKG-102,12402,300,Kell2008-B,71.51228,-24.9381,11078,,
Kell2008-B-MKG-102,12402,300,Kell2008-B,71.51228,-24.9381,11912,,
Kell2008-B-MKG-103,11078,274,Kell2008-B,71.51115,-24.93892,11194,,
Kell2008-B-MKG-103,11078,274,Kell2008-B,71.51115,-24.93892,12071,,
Kell2008-B-MKG-103,11078,274,Kell2008-B,71.51115,-24.93892,11408,,
Kell2008-B-MKG-103,11078,274,Kell2008-B,71.51115,-24.93892,11753,,
Kell2008-B-MKG-103,11078,274,Kell2008-B,71.51115,-24.93892,12381,,
Kell2008-B-MKG-103,11078,274,Kell2008-B,71.51115,-24.93892,12212,,
Kell2008-B-MKG-103,11078,274,Kell2008-B,71.51115,-24.93892,10851,,
Kell2008-B-MKG-103,11078,274,Kell2008-B,71.51115,-24.93892,12402,,
Kell2008-B-MKG-103,11078,274,Kell2008-B,71.51115,-24.93892,11078,,
Kell2008-B-MKG-103,11078,274,Kell2008-B,71.51115,-24.93892,11912,,
Kell2008-B-MKG-104,11912,293,Kell2008-B,71.5107,-24.9067,11194,,
Kell2008-B-MKG-104,11912,293,Kell2008-B,71.5107,-24.9067,12071,,
Kell2008-B-MKG-104,11912,293,Kell2008-B,71.5107,-24.9067,11408,,
Kell2008-B-MKG-104,11912,293,Kell2008-B,71.5107,-24.9067,11753,,
Kell2008-B-MKG-104,11912,293,Kell2008-B,71.5107,-24.9067,12381,,
Kell2008-B-MKG-104,11912,293,Kell2008-B,71.5107,-24.9067,12212,,
Kell2008-B-MKG-104,11912,293,Kell2008-B,71.5107,-24.9067,10851,,
Kell2008-B-MKG-104,11912,293,Kell2008-B,71.5107,-24.9067,12402,,
Kell2008-B-MKG-104,11912,293,Kell2008-B,71.5107,-24.9067,11078,,
Kell2008-B-MKG-104,11912,293,Kell2008-B,71.5107,-24.9067,11912,,
Kell2008-C-MKG-15,11994,280,Kell2008-C,71.40806,-24.70667,11994,,
KNSK-17GRO-66,9790,279,KNSK,64.2946,-49.7998,9790,,
KNSK-17GRO-66,9790,279,KNSK,64.2946,-49.7998,10410,,
KNSK-17GRO-66,9790,279,KNSK,64.2946,-49.7998,6726,,
KNSK-17GRO-66,9790,279,KNSK,64.2946,-49.7998,10453,,
KNSK-17GRO-66,9790,279,KNSK,64.2946,-49.7998,11160,,
KNSK-17GRO-66,9790,279,KNSK,64.2946,-49.7998,10106,,
KNSK-17GRO-64,10410,389,KNSK,64.2942,-49.8026,9790,,
KNSK-17GRO-64,10410,389,KNSK,64.2942,-49.8026,10410,,
KNSK-17GRO-64,10410,389,KNSK,64.2942,-49.8026,6726,,
KNSK-17GRO-64,10410,389,KNSK,64.2942,-49.8026,10453,,
KNSK-17GRO-64,10410,389,KNSK,64.2942,-49.8026,11160,,
KNSK-17GRO-64,10410,389,KNSK,64.2942,-49.8026,10106,,
KNSK-17GRO-63,6726,177,KNSK,64.29415,-49.80329,9790,,
KNSK-17GRO-63,6726,177,KNSK,64.29415,-49.80329,10410,,
KNSK-17GRO-63,6726,177,KNSK,64.29415,-49.80329,6726,,
KNSK-17GRO-63,6726,177,KNSK,64.29415,-49.80329,10453,,
KNSK-17GRO-63,6726,177,KNSK,64.29415,-49.80329,11160,,
KNSK-17GRO-63,6726,177,KNSK,64.29415,-49.80329,10106,,
KNSK-17GRO-59,10453,358,KNSK,64.29485,-49.79568,9790,,
KNSK-17GRO-59,10453,358,KNSK,64.29485,-49.79568,10410,,
KNSK-17GRO-59,10453,358,KNSK,64.29485,-49.79568,6726,,
KNSK-17GRO-59,10453,358,KNSK,64.29485,-49.79568,10453,,
KNSK-17GRO-59,10453,358,KNSK,64.29485,-49.79568,11160,,
KNSK-17GRO-59,10453,358,KNSK,64.29485,-49.79568,10106,,
KNSK-17GRO-58,11160,345,KNSK,64.29417,-49.79294,9790,,
KNSK-17GRO-58,11160,345,KNSK,64.29417,-49.79294,10410,,
KNSK-17GRO-58,11160,345,KNSK,64.29417,-49.79294,6726,,
KNSK-17GRO-58,11160,345,KNSK,64.29417,-49.79294,10453,,
KNSK-17GRO-58,11160,345,KNSK,64.29417,-49.79294,11160,,
KNSK-17GRO-58,11160,345,KNSK,64.29417,-49.79294,10106,,
KNSK-17GRO-56,10106,424,KNSK,64.29505,-49.78128,9790,,
KNSK-17GRO-56,10106,424,KNSK,64.29505,-49.78128,10410,,
KNSK-17GRO-56,10106,424,KNSK,64.29505,-49.78128,6726,,
KNSK-17GRO-56,10106,424,KNSK,64.29505,-49.78128,10453,,
KNSK-17GRO-56,10106,424,KNSK,64.29505,-49.78128,11160,,
KNSK-17GRO-56,10106,424,KNSK,64.29505,-49.78128,10106,,
LarsInpress-A-PEA-0719,12411,608,L2016-HB-M,83.614155,-32.945399,12411,,
LarsInpress-A-PEA-0719,12411,608,L2016-HB-M,83.614155,-32.945399,12372,,
LarsInpress-A-PEA-0721,12372,614,L2016-HB-M,83.613542,-32.911343,12411,,
LarsInpress-A-PEA-0721,12372,614,L2016-HB-M,83.613542,-32.911343,12372,,
GL1622,8583,538,LAMB2,79.1,-20.889,8583,,
GL1622,8583,538,LAMB2,79.1,-20.889,8921,,
GL1620,8921,484,LAMB2,79.101,-20.9,8583,,
GL1620,8921,484,LAMB2,79.101,-20.9,8921,,
Levy2014-A-MKG-161,10062,193,Levy2014-A,70.91,-25.595,10062,,
Levy2014-A-MKG-161,10062,193,Levy2014-A,70.91,-25.595,11216,,
Levy2014-A-MKG-161,10062,193,Levy2014-A,70.91,-25.595,10607,,
Levy2014-A-MKG-161a,11216,245,Levy2014-A,70.91,-25.595,10062,,
Levy2014-A-MKG-161a,11216,245,Levy2014-A,70.91,-25.595,11216,,
Levy2014-A-MKG-161a,11216,245,Levy2014-A,70.91,-25.595,10607,,
Levy2014-A-MKG-162,10607,185,Levy2014-A,70.91,-25.594,10062,,
Levy2014-A-MKG-162,10607,185,Levy2014-A,70.91,-25.594,11216,,
Levy2014-A-MKG-162,10607,185,Levy2014-A,70.91,-25.594,10607,,
Levy2014-B-MKG-160,9523,181,Levy2014-B,70.91,-25.596,9523,,
Levy2014-B-MKG-160,9523,181,Levy2014-B,70.91,-25.596,8311,,
Levy2014-B-LL1031,8311,159,Levy2014-B,70.909,-25.596,9523,,
Levy2014-B-LL1031,8311,159,Levy2014-B,70.909,-25.596,8311,,
LL-10-06,7090,133,LIVER-LIA,70.883,-22.26,7090,,
MKG-247,11539,301,LIVER-LOUT,70.888,-22.264,11539,,
MKG-247,11539,301,LIVER-LOUT,70.888,-22.264,12156,,
MKG-247,11539,301,LIVER-LOUT,70.888,-22.264,11045,,
MKG-249,12156,460,LIVER-LOUT,70.885,-22.265,11539,,
MKG-249,12156,460,LIVER-LOUT,70.885,-22.265,12156,,
MKG-249,12156,460,LIVER-LOUT,70.885,-22.265,11045,,
MKG-246,11045,275,LIVER-LOUT,70.888,-22.264,11539,,
MKG-246,11045,275,LIVER-LOUT,70.888,-22.264,12156,,
MKG-246,11045,275,LIVER-LOUT,70.888,-22.264,11045,,
39-11QOO-04,9024,1122,MARRAIT,69.28439,-50.75616,9024,,
39-11QOO-04,9024,1122,MARRAIT,69.28439,-50.75616,9136,,
39-11QOO-04,9024,1122,MARRAIT,69.28439,-50.75616,9055,,
39-11QOO-04,9024,1122,MARRAIT,69.28439,-50.75616,8051,,
39-11QOO-04,9024,1122,MARRAIT,69.28439,-50.75616,9093,,
39-11QOO-04,9024,1122,MARRAIT,69.28439,-50.75616,10467,,
39-11QOO-04,9024,1122,MARRAIT,69.28439,-50.75616,9265,,
39-11QOO-04,9024,1122,MARRAIT,69.28439,-50.75616,9494,,
39-11QOO-04,9024,1122,MARRAIT,69.28439,-50.75616,9007,,
39-11QOO-04,9024,1122,MARRAIT,69.28439,-50.75616,9668,,
39-11QOO-05,9136,205,MARRAIT,69.28419,-50.75277,9024,,
39-11QOO-05,9136,205,MARRAIT,69.28419,-50.75277,9136,,
39-11QOO-05,9136,205,MARRAIT,69.28419,-50.75277,9055,,
39-11QOO-05,9136,205,MARRAIT,69.28419,-50.75277,8051,,
39-11QOO-05,9136,205,MARRAIT,69.28419,-50.75277,9093,,
39-11QOO-05,9136,205,MARRAIT,69.28419,-50.75277,10467,,
39-11QOO-05,9136,205,MARRAIT,69.28419,-50.75277,9265,,
39-11QOO-05,9136,205,MARRAIT,69.28419,-50.75277,9494,,
39-11QOO-05,9136,205,MARRAIT,69.28419,-50.75277,9007,,
39-11QOO-05,9136,205,MARRAIT,69.28419,-50.75277,9668,,
39-11QOO-01,9055,302,MARRAIT,69.28441,-50.75686,9024,,
39-11QOO-01,9055,302,MARRAIT,69.28441,-50.75686,9136,,
39-11QOO-01,9055,302,MARRAIT,69.28441,-50.75686,9055,,
39-11QOO-01,9055,302,MARRAIT,69.28441,-50.75686,8051,,
39-11QOO-01,9055,302,MARRAIT,69.28441,-50.75686,9093,,
39-11QOO-01,9055,302,MARRAIT,69.28441,-50.75686,10467,,
39-11QOO-01,9055,302,MARRAIT,69.28441,-50.75686,9265,,
39-11QOO-01,9055,302,MARRAIT,69.28441,-50.75686,9494,,
39-11QOO-01,9055,302,MARRAIT,69.28441,-50.75686,9007,,
39-11QOO-01,9055,302,MARRAIT,69.28441,-50.75686,9668,,
39-11QOO-01,8051,1035,MARRAIT,69.28441,-50.75686,9024,,
39-11QOO-01,8051,1035,MARRAIT,69.28441,-50.75686,9136,,
39-11QOO-01,8051,1035,MARRAIT,69.28441,-50.75686,9055,,
39-11QOO-01,8051,1035,MARRAIT,69.28441,-50.75686,8051,,
39-11QOO-01,8051,1035,MARRAIT,69.28441,-50.75686,9093,,
39-11QOO-01,8051,1035,MARRAIT,69.28441,-50.75686,10467,,
39-11QOO-01,8051,1035,MARRAIT,69.28441,-50.75686,9265,,
39-11QOO-01,8051,1035,MARRAIT,69.28441,-50.75686,9494,,
39-11QOO-01,8051,1035,MARRAIT,69.28441,-50.75686,9007,,
39-11QOO-01,8051,1035,MARRAIT,69.28441,-50.75686,9668,,
39-11QOO-02,9093,173,MARRAIT,69.28441,-50.75686,9024,,
39-11QOO-02,9093,173,MARRAIT,69.28441,-50.75686,9136,,
39-11QOO-02,9093,173,MARRAIT,69.28441,-50.75686,9055,,
39-11QOO-02,9093,173,MARRAIT,69.28441,-50.75686,8051,,
39-11QOO-02,9093,173,MARRAIT,69.28441,-50.75686,9093,,
39-11QOO-02,9093,173,MARRAIT,69.28441,-50.75686,10467,,
39-11QOO-02,9093,173,MARRAIT,69.28441,-50.75686,9265,,
39-11QOO-02,9093,173,MARRAIT,69.28441,-50.75686,9494,,
39-11QOO-02,9093,173,MARRAIT,69.28441,-50.75686,9007,,
39-11QOO-02,9093,173,MARRAIT,69.28441,-50.75686,9668,,
39-11QOO-02,10467,1360,MARRAIT,69.28441,-50.75686,9024,,
39-11QOO-02,10467,1360,MARRAIT,69.28441,-50.75686,9136,,
39-11QOO-02,10467,1360,MARRAIT,69.28441,-50.75686,9055,,
39-11QOO-02,10467,1360,MARRAIT,69.28441,-50.75686,8051,,
39-11QOO-02,10467,1360,MARRAIT,69.28441,-50.75686,9093,,
39-11QOO-02,10467,1360,MARRAIT,69.28441,-50.75686,10467,,
39-11QOO-02,10467,1360,MARRAIT,69.28441,-50.75686,9265,,
39-11QOO-02,10467,1360,MARRAIT,69.28441,-50.75686,9494,,
39-11QOO-02,10467,1360,MARRAIT,69.28441,-50.75686,9007,,
39-11QOO-02,10467,1360,MARRAIT,69.28441,-50.75686,9668,,
39-11QOO-03,9265,182,MARRAIT,69.28441,-50.75663,9024,,
39-11QOO-03,9265,182,MARRAIT,69.28441,-50.75663,9136,,
39-11QOO-03,9265,182,MARRAIT,69.28441,-50.75663,9055,,
39-11QOO-03,9265,182,MARRAIT,69.28441,-50.75663,8051,,
39-11QOO-03,9265,182,MARRAIT,69.28441,-50.75663,9093,,
39-11QOO-03,9265,182,MARRAIT,69.28441,-50.75663,10467,,
39-11QOO-03,9265,182,MARRAIT,69.28441,-50.75663,9265,,
39-11QOO-03,9265,182,MARRAIT,69.28441,-50.75663,9494,,
39-11QOO-03,9265,182,MARRAIT,69.28441,-50.75663,9007,,
39-11QOO-03,9265,182,MARRAIT,69.28441,-50.75663,9668,,
39-11QOO-03,9494,1205,MARRAIT,69.28441,-50.75663,9024,,
39-11QOO-03,9494,1205,MARRAIT,69.28441,-50.75663,9136,,
39-11QOO-03,9494,1205,MARRAIT,69.28441,-50.75663,9055,,
39-11QOO-03,9494,1205,MARRAIT,69.28441,-50.75663,8051,,
39-11QOO-03,9494,1205,MARRAIT,69.28441,-50.75663,9093,,
39-11QOO-03,9494,1205,MARRAIT,69.28441,-50.75663,10467,,
39-11QOO-03,9494,1205,MARRAIT,69.28441,-50.75663,9265,,
39-11QOO-03,9494,1205,MARRAIT,69.28441,-50.75663,9494,,
39-11QOO-03,9494,1205,MARRAIT,69.28441,-50.75663,9007,,
39-11QOO-03,9494,1205,MARRAIT,69.28441,-50.75663,9668,,
39-11QOO-04,9007,202,MARRAIT,69.28439,-50.75616,9024,,
39-11QOO-04,9007,202,MARRAIT,69.28439,-50.75616,9136,,
39-11QOO-04,9007,202,MARRAIT,69.28439,-50.75616,9055,,
39-11QOO-04,9007,202,MARRAIT,69.28439,-50.75616,8051,,
39-11QOO-04,9007,202,MARRAIT,69.28439,-50.75616,9093,,
39-11QOO-04,9007,202,MARRAIT,69.28439,-50.75616,10467,,
39-11QOO-04,9007,202,MARRAIT,69.28439,-50.75616,9265,,
39-11QOO-04,9007,202,MARRAIT,69.28439,-50.75616,9494,,
39-11QOO-04,9007,202,MARRAIT,69.28439,-50.75616,9007,,
39-11QOO-04,9007,202,MARRAIT,69.28439,-50.75616,9668,,
39-11QOO-05,9668,1195,MARRAIT,69.28419,-50.75277,9024,,
39-11QOO-05,9668,1195,MARRAIT,69.28419,-50.75277,9136,,
39-11QOO-05,9668,1195,MARRAIT,69.28419,-50.75277,9055,,
39-11QOO-05,9668,1195,MARRAIT,69.28419,-50.75277,8051,,
39-11QOO-05,9668,1195,MARRAIT,69.28419,-50.75277,9093,,
39-11QOO-05,9668,1195,MARRAIT,69.28419,-50.75277,10467,,
39-11QOO-05,9668,1195,MARRAIT,69.28419,-50.75277,9265,,
39-11QOO-05,9668,1195,MARRAIT,69.28419,-50.75277,9494,,
39-11QOO-05,9668,1195,MARRAIT,69.28419,-50.75277,9007,,
39-11QOO-05,9668,1195,MARRAIT,69.28419,-50.75277,9668,,
Moll2010-A-PEA-0657,8505,855,Moll2010-A,83.5384,-28.5766,8505,,
Moll2010-A-PEA-0657,8505,855,Moll2010-A,83.5384,-28.5766,8009,,
Moll2010-A-PEA-0657,8505,855,Moll2010-A,83.5384,-28.5766,9112,,
Moll2010-A-PEA-0657,8505,855,Moll2010-A,83.5384,-28.5766,9411,,
Moll2010-A-PEA-0657,8505,855,Moll2010-A,83.5384,-28.5766,9294,,
Moll2010-A-PEA-0657,8505,855,Moll2010-A,83.5384,-28.5766,7393,,
Moll2010-A-PEA-0657,8505,855,Moll2010-A,83.5384,-28.5766,10983,,
Moll2010-A-PEA-0667,8009,518,Moll2010-A,83.5221,-28.7718,8505,,
Moll2010-A-PEA-0667,8009,518,Moll2010-A,83.5221,-28.7718,8009,,
Moll2010-A-PEA-0667,8009,518,Moll2010-A,83.5221,-28.7718,9112,,
Moll2010-A-PEA-0667,8009,518,Moll2010-A,83.5221,-28.7718,9411,,
Moll2010-A-PEA-0667,8009,518,Moll2010-A,83.5221,-28.7718,9294,,
Moll2010-A-PEA-0667,8009,518,Moll2010-A,83.5221,-28.7718,7393,,
Moll2010-A-PEA-0667,8009,518,Moll2010-A,83.5221,-28.7718,10983,,
Moll2010-A-PEA-0658,9112,517,Moll2010-A,83.5385,-28.5768,8505,,
Moll2010-A-PEA-0658,9112,517,Moll2010-A,83.5385,-28.5768,8009,,
Moll2010-A-PEA-0658,9112,517,Moll2010-A,83.5385,-28.5768,9112,,
Moll2010-A-PEA-0658,9112,517,Moll2010-A,83.5385,-28.5768,9411,,
Moll2010-A-PEA-0658,9112,517,Moll2010-A,83.5385,-28.5768,9294,,
Moll2010-A-PEA-0658,9112,517,Moll2010-A,83.5385,-28.5768,7393,,
Moll2010-A-PEA-0658,9112,517,Moll2010-A,83.5385,-28.5768,10983,,
Moll2010-A-PEA-0659,9411,605,Moll2010-A,83.5373,-28.586,8505,,
Moll2010-A-PEA-0659,9411,605,Moll2010-A,83.5373,-28.586,8009,,
Moll2010-A-PEA-0659,9411,605,Moll2010-A,83.5373,-28.586,9112,,
Moll2010-A-PEA-0659,9411,605,Moll2010-A,83.5373,-28.586,9411,,
Moll2010-A-PEA-0659,9411,605,Moll2010-A,83.5373,-28.586,9294,,
Moll2010-A-PEA-0659,9411,605,Moll2010-A,83.5373,-28.586,7393,,
Moll2010-A-PEA-0659,9411,605,Moll2010-A,83.5373,-28.586,10983,,
Moll2010-A-PEA-0665,9294,541,Moll2010-A,83.5215,-28.7798,8505,,
Moll2010-A-PEA-0665,9294,541,Moll2010-A,83.5215,-28.7798,8009,,
Moll2010-A-PEA-0665,9294,541,Moll2010-A,83.5215,-28.7798,9112,,
Moll2010-A-PEA-0665,9294,541,Moll2010-A,83.5215,-28.7798,9411,,
Moll2010-A-PEA-0665,9294,541,Moll2010-A,83.5215,-28.7798,9294,,
Moll2010-A-PEA-0665,9294,541,Moll2010-A,83.5215,-28.7798,7393,,
Moll2010-A-PEA-0665,9294,541,Moll2010-A,83.5215,-28.7798,10983,,
Moll2010-A-PEA-0666,7393,606,Moll2010-A,83.5212,-28.7755,8505,,
Moll2010-A-PEA-0666,7393,606,Moll2010-A,83.5212,-28.7755,8009,,
Moll2010-A-PEA-0666,7393,606,Moll2010-A,83.5212,-28.7755,9112,,
Moll2010-A-PEA-0666,7393,606,Moll2010-A,83.5212,-28.7755,9411,,
Moll2010-A-PEA-0666,7393,606,Moll2010-A,83.5212,-28.7755,9294,,
Moll2010-A-PEA-0666,7393,606,Moll2010-A,83.5212,-28.7755,7393,,
Moll2010-A-PEA-0666,7393,606,Moll2010-A,83.5212,-28.7755,10983,,
Moll2010-A-PEA-0668,10983,612,Moll2010-A,83.5429,-28.6715,8505,,
Moll2010-A-PEA-0668,10983,612,Moll2010-A,83.5429,-28.6715,8009,,
Moll2010-A-PEA-0668,10983,612,Moll2010-A,83.5429,-28.6715,9112,,
Moll2010-A-PEA-0668,10983,612,Moll2010-A,83.5429,-28.6715,9411,,
Moll2010-A-PEA-0668,10983,612,Moll2010-A,83.5429,-28.6715,9294,,
Moll2010-A-PEA-0668,10983,612,Moll2010-A,83.5429,-28.6715,7393,,
Moll2010-A-PEA-0668,10983,612,Moll2010-A,83.5429,-28.6715,10983,,
Moll2010-C-PEA-0692,7046,424,Moll2010-C,83.4983,-28.8945,7046,,
Moll2010-D-PEA-0613,11490,527,Moll2010-D,83.587938,-32.236038,11490,,
Moll2010-D-PEA-0613,11490,527,Moll2010-D,83.587938,-32.236038,11878,,
Moll2010-D-PEA-0613,11490,527,Moll2010-D,83.587938,-32.236038,12277,,
Moll2010-D-PEA-0645,11878,685,Moll2010-D,83.594452,-31.853778,11490,,
Moll2010-D-PEA-0645,11878,685,Moll2010-D,83.594452,-31.853778,11878,,
Moll2010-D-PEA-0645,11878,685,Moll2010-D,83.594452,-31.853778,12277,,
Moll2010-D-PEA-0618,12277,626,Moll2010-D,83.587976,-32.167853,11490,,
Moll2010-D-PEA-0618,12277,626,Moll2010-D,83.587976,-32.167853,11878,,
Moll2010-D-PEA-0618,12277,626,Moll2010-D,83.587976,-32.167853,12277,,
NAKAL1-13GRO-Q5,10100,308,NAKAL1,70.06555,-51.3189,10100,,
NAKAR1-13GRO-Q3,10052,268,NAKAR1,70.06549,-51.3309,10052,,
NAKAR1-13GRO-Q3,10052,268,NAKAR1,70.06549,-51.3309,6853,,
NAKAR1-13GRO-Q4,6853,192,NAKAR1,70.06806,-51.3343,10052,,
NAKAR1-13GRO-Q4,6853,192,NAKAR1,70.06806,-51.3343,6853,,
NAKAR2-13GRO-Q9,10575,330,NAKAR2,70.07047,-51.3111,10575,,
NAKAR2-13GRO-Q9,10575,330,NAKAR2,70.07047,-51.3111,10459,,
NAKAR2-13GRO-Q9,10575,330,NAKAR2,70.07047,-51.3111,10215,,
NAKAR2-13GRO-Q8,10459,363,NAKAR2,70.07077,-51.3112,10575,,
NAKAR2-13GRO-Q8,10459,363,NAKAR2,70.07077,-51.3112,10459,,
NAKAR2-13GRO-Q8,10459,363,NAKAR2,70.07077,-51.3112,10215,,
NAKAR2-13GRO-Q6,10215,235,NAKAR2,70.07003,-51.3103,10575,,
NAKAR2-13GRO-Q6,10215,235,NAKAR2,70.07003,-51.3103,10459,,
NAKAR2-13GRO-Q6,10215,235,NAKAR2,70.07003,-51.3103,10215,,
KN08-16_AN,7604,396,ORK1,67.0962,-50.2439,7604,,
KN08-16_AN,7604,396,ORK1,67.0962,-50.2439,6609,,
KN08-16_AN,7604,396,ORK1,67.0962,-50.2439,7234,,
KN08-16_AN,7604,396,ORK1,67.0962,-50.2439,6523,,
KN08-13_AN,6609,350,ORK1,67.0907,-50.241,7604,,
KN08-13_AN,6609,350,ORK1,67.0907,-50.241,6609,,
KN08-13_AN,6609,350,ORK1,67.0907,-50.241,7234,,
KN08-13_AN,6609,350,ORK1,67.0907,-50.241,6523,,
KN08-11_AN,7234,711,ORK1,67.0907,-50.241,7604,,
KN08-11_AN,7234,711,ORK1,67.0907,-50.241,6609,,
KN08-11_AN,7234,711,ORK1,67.0907,-50.241,7234,,
KN08-11_AN,7234,711,ORK1,67.0907,-50.241,6523,,
KN08-12_AN,6523,261,ORK1,67.0907,-50.241,7604,,
KN08-12_AN,6523,261,ORK1,67.0907,-50.241,6609,,
KN08-12_AN,6523,261,ORK1,67.0907,-50.241,7234,,
KN08-12_AN,6523,261,ORK1,67.0907,-50.241,6523,,
LL0908,7303,225,ORK2,67.158,-50.105,7303,,
LL0908,7303,225,ORK2,67.158,-50.105,6843,,
LL0908,7303,225,ORK2,67.158,-50.105,6604,,
LL0907,6843,179,ORK2,67.158,-50.104,7303,,
LL0907,6843,179,ORK2,67.158,-50.104,6843,,
LL0907,6843,179,ORK2,67.158,-50.104,6604,,
LL0906,6604,146,ORK2,67.159,-50.102,7303,,
LL0906,6604,146,ORK2,67.159,-50.102,6843,,
LL0906,6604,146,ORK2,67.159,-50.102,6604,,
LL0904,6751,180,ORK4,67.092,-50.294,6751,,
LL0904,6751,180,ORK4,67.092,-50.294,6813,,
LL0904,6751,180,ORK4,67.092,-50.294,6846,,
LL0903,6813,202,ORK4,67.101,-50.283,6751,,
LL0903,6813,202,ORK4,67.101,-50.283,6813,,
LL0903,6813,202,ORK4,67.101,-50.283,6846,,
LL0902,6846,196,ORK4,67.103,-50.282,6751,,
LL0902,6846,196,ORK4,67.103,-50.282,6813,,
LL0902,6846,196,ORK4,67.103,-50.282,6846,,
ORKD-16GRO-90,7148,235,ORKD,66.94482,-50.41128,7148,,
ORKD-16GRO-90,7148,235,ORKD,66.94482,-50.41128,7192,,
ORKD-16GRO-90,7148,235,ORKD,66.94482,-50.41128,7219,,
ORKD-16GRO-90,7148,235,ORKD,66.94482,-50.41128,7333,,
ORKD-16GRO-90,7148,235,ORKD,66.94482,-50.41128,7627,,
ORKD-16GRO-90,7148,235,ORKD,66.94482,-50.41128,6772,,
ORKD-16GRO-89,7192,218,ORKD,66.94495,-50.41104,7148,,
ORKD-16GRO-89,7192,218,ORKD,66.94495,-50.41104,7192,,
ORKD-16GRO-89,7192,218,ORKD,66.94495,-50.41104,7219,,
ORKD-16GRO-89,7192,218,ORKD,66.94495,-50.41104,7333,,
ORKD-16GRO-89,7192,218,ORKD,66.94495,-50.41104,7627,,
ORKD-16GRO-89,7192,218,ORKD,66.94495,-50.41104,6772,,
ORKD-16GRO-88,7219,285,ORKD,66.94518,-50.40835,7148,,
ORKD-16GRO-88,7219,285,ORKD,66.94518,-50.40835,7192,,
ORKD-16GRO-88,7219,285,ORKD,66.94518,-50.40835,7219,,
ORKD-16GRO-88,7219,285,ORKD,66.94518,-50.40835,7333,,
ORKD-16GRO-88,7219,285,ORKD,66.94518,-50.40835,7627,,
ORKD-16GRO-88,7219,285,ORKD,66.94518,-50.40835,6772,,
ORKD-16GRO-85,7333,378,ORKD,66.94394,-50.39561,7148,,
ORKD-16GRO-85,7333,378,ORKD,66.94394,-50.39561,7192,,
ORKD-16GRO-85,7333,378,ORKD,66.94394,-50.39561,7219,,
ORKD-16GRO-85,7333,378,ORKD,66.94394,-50.39561,7333,,
ORKD-16GRO-85,7333,378,ORKD,66.94394,-50.39561,7627,,
ORKD-16GRO-85,7333,378,ORKD,66.94394,-50.39561,6772,,
ORKD-16GRO-86,7627,240,ORKD,66.94611,-50.40283,7148,,
ORKD-16GRO-86,7627,240,ORKD,66.94611,-50.40283,7192,,
ORKD-16GRO-86,7627,240,ORKD,66.94611,-50.40283,7219,,
ORKD-16GRO-86,7627,240,ORKD,66.94611,-50.40283,7333,,
ORKD-16GRO-86,7627,240,ORKD,66.94611,-50.40283,7627,,
ORKD-16GRO-86,7627,240,ORKD,66.94611,-50.40283,6772,,
ORKD-16GRO-87,6772,235,ORKD,66.94536,-50.40788,7148,,
ORKD-16GRO-87,6772,235,ORKD,66.94536,-50.40788,7192,,
ORKD-16GRO-87,6772,235,ORKD,66.94536,-50.40788,7219,,
ORKD-16GRO-87,6772,235,ORKD,66.94536,-50.40788,7333,,
ORKD-16GRO-87,6772,235,ORKD,66.94536,-50.40788,7627,,
ORKD-16GRO-87,6772,235,ORKD,66.94536,-50.40788,6772,,
20-GL1496,10997,384,PCHRISINM1,60.18274,-44.06681,10997,,
20-GL1496,10997,384,PCHRISINM1,60.18274,-44.06681,10747,,
20-GL1495,10747,498,PCHRISINM1,60.18274,-44.06681,10997,,
20-GL1495,10747,498,PCHRISINM1,60.18274,-44.06681,10747,,
20-GL1493,10090,740,PCHRISINM2,60.18508,-44.06525,10090,,
20-GL1493,10090,740,PCHRISINM2,60.18508,-44.06525,12152,,
20-GL1493,10090,740,PCHRISINM2,60.18508,-44.06525,9987,,
20-GL1492,12152,628,PCHRISINM2,60.18508,-44.06525,10090,,
20-GL1492,12152,628,PCHRISINM2,60.18508,-44.06525,12152,,
20-GL1492,12152,628,PCHRISINM2,60.18508,-44.06525,9987,,
20-GL1491,9987,393,PCHRISINM2,60.18508,-44.06525,10090,,
20-GL1491,9987,393,PCHRISINM2,60.18508,-44.06525,12152,,
20-GL1491,9987,393,PCHRISINM2,60.18508,-44.06525,9987,,
ILL-005,9264,834,PETER3,80.41133,-60.02584,9264,,
ILL-005,9264,834,PETER3,80.41133,-60.02584,7028,,
ILL-001,7028,228,PETER3,80.28454,-59.46758,9264,,
ILL-001,7028,228,PETER3,80.28454,-59.46758,7028,,
DIS-LM03,11759,806,PJTM1,69.2736,-53.4754,11759,,
QMS2-17GRO-38,8886,199,QMS2,64.46686,-49.43781,8886,,
QMS2-17GRO-38,8886,199,QMS2,64.46686,-49.43781,11000,,
QMS2-17GRO-38,8886,199,QMS2,64.46686,-49.43781,9504,,
QMS2-17GRO-38,8886,199,QMS2,64.46686,-49.43781,9497,,
QMS2-17GRO-38,8886,199,QMS2,64.46686,-49.43781,11473,,
QMS2-17GRO-38,8886,199,QMS2,64.46686,-49.43781,9316,,
QMS2-17GRO-38,8886,199,QMS2,64.46686,-49.43781,9171,,
QMS2-17GRO-38,8886,199,QMS2,64.46686,-49.43781,9188,,
QMS2-17GRO-38,8886,199,QMS2,64.46686,-49.43781,9647,,
QMS2-17GRO-38,8886,199,QMS2,64.46686,-49.43781,9452,,
QMS2-17GRO-38,8886,199,QMS2,64.46686,-49.43781,10033,,
QMS2-17GRO-38,8886,199,QMS2,64.46686,-49.43781,9549,,
QMS2-17GRO-38,8886,199,QMS2,64.46686,-49.43781,9476,,
QMS2-17GRO-38,8886,199,QMS2,64.46686,-49.43781,9611,,
QMS2-17GRO-38,8886,199,QMS2,64.46686,-49.43781,10091,,
QMS2-17GRO-38,8886,199,QMS2,64.46686,-49.43781,10013,,
QMS2-17GRO-38,8886,199,QMS2,64.46686,-49.43781,9208,,
QMS2-17GRO-38,8886,199,QMS2,64.46686,-49.43781,9251,,
QMS2-17GRO-15,11000,407,QMS2,64.45831,-49.4441,8886,,
QMS2-17GRO-15,11000,407,QMS2,64.45831,-49.4441,11000,,
QMS2-17GRO-15,11000,407,QMS2,64.45831,-49.4441,9504,,
QMS2-17GRO-15,11000,407,QMS2,64.45831,-49.4441,9497,,
QMS2-17GRO-15,11000,407,QMS2,64.45831,-49.4441,11473,,
QMS2-17GRO-15,11000,407,QMS2,64.45831,-49.4441,9316,,
QMS2-17GRO-15,11000,407,QMS2,64.45831,-49.4441,9171,,
QMS2-17GRO-15,11000,407,QMS2,64.45831,-49.4441,9188,,
QMS2-17GRO-15,11000,407,QMS2,64.45831,-49.4441,9647,,
QMS2-17GRO-15,11000,407,QMS2,64.45831,-49.4441,9452,,
QMS2-17GRO-15,11000,407,QMS2,64.45831,-49.4441,10033,,
QMS2-17GRO-15,11000,407,QMS2,64.45831,-49.4441,9549,,
QMS2-17GRO-15,11000,407,QMS2,64.45831,-49.4441,9476,,
QMS2-17GRO-15,11000,407,QMS2,64.45831,-49.4441,9611,,
QMS2-17GRO-15,11000,407,QMS2,64.45831,-49.4441,10091,,
QMS2-17GRO-15,11000,407,QMS2,64.45831,-49.4441,10013,,
QMS2-17GRO-15,11000,407,QMS2,64.45831,-49.4441,9208,,
QMS2-17GRO-15,11000,407,QMS2,64.45831,-49.4441,9251,,
QMS2-17GRO-17,9504,359,QMS2,64.45937,-49.43946,8886,,
QMS2-17GRO-17,9504,359,QMS2,64.45937,-49.43946,11000,,
QMS2-17GRO-17,9504,359,QMS2,64.45937,-49.43946,9504,,
QMS2-17GRO-17,9504,359,QMS2,64.45937,-49.43946,9497,,
QMS2-17GRO-17,9504,359,QMS2,64.45937,-49.43946,11473,,
QMS2-17GRO-17,9504,359,QMS2,64.45937,-49.43946,9316,,
QMS2-17GRO-17,9504,359,QMS2,64.45937,-49.43946,9171,,
QMS2-17GRO-17,9504,359,QMS2,64.45937,-49.43946,9188,,
QMS2-17GRO-17,9504,359,QMS2,64.45937,-49.43946,9647,,
QMS2-17GRO-17,9504,359,QMS2,64.45937,-49.43946,9452,,
QMS2-17GRO-17,9504,359,QMS2,64.45937,-49.43946,10033,,
QMS2-17GRO-17,9504,359,QMS2,64.45937,-49.43946,9549,,
QMS2-17GRO-17,9504,359,QMS2,64.45937,-49.43946,9476,,
QMS2-17GRO-17,9504,359,QMS2,64.45937,-49.43946,9611,,
QMS2-17GRO-17,9504,359,QMS2,64.45937,-49.43946,10091,,
QMS2-17GRO-17,9504,359,QMS2,64.45937,-49.43946,10013,,
QMS2-17GRO-17,9504,359,QMS2,64.45937,-49.43946,9208,,
QMS2-17GRO-17,9504,359,QMS2,64.45937,-49.43946,9251,,
QMS2-17GRO-18,9497,279,QMS2,64.45869,-49.43322,8886,,
QMS2-17GRO-18,9497,279,QMS2,64.45869,-49.43322,11000,,
QMS2-17GRO-18,9497,279,QMS2,64.45869,-49.43322,9504,,
QMS2-17GRO-18,9497,279,QMS2,64.45869,-49.43322,9497,,
QMS2-17GRO-18,9497,279,QMS2,64.45869,-49.43322,11473,,
QMS2-17GRO-18,9497,279,QMS2,64.45869,-49.43322,9316,,
QMS2-17GRO-18,9497,279,QMS2,64.45869,-49.43322,9171,,
QMS2-17GRO-18,9497,279,QMS2,64.45869,-49.43322,9188,,
QMS2-17GRO-18,9497,279,QMS2,64.45869,-49.43322,9647,,
QMS2-17GRO-18,9497,279,QMS2,64.45869,-49.43322,9452,,
QMS2-17GRO-18,9497,279,QMS2,64.45869,-49.43322,10033,,
QMS2-17GRO-18,9497,279,QMS2,64.45869,-49.43322,9549,,
QMS2-17GRO-18,9497,279,QMS2,64.45869,-49.43322,9476,,
QMS2-17GRO-18,9497,279,QMS2,64.45869,-49.43322,9611,,
QMS2-17GRO-18,9497,279,QMS2,64.45869,-49.43322,10091,,
QMS2-17GRO-18,9497,279,QMS2,64.45869,-49.43322,10013,,
QMS2-17GRO-18,9497,279,QMS2,64.45869,-49.43322,9208,,
QMS2-17GRO-18,9497,279,QMS2,64.45869,-49.43322,9251,,
QMS2-17GRO-20,11473,316,QMS2,64.45869,-49.43216,8886,,
QMS2-17GRO-20,11473,316,QMS2,64.45869,-49.43216,11000,,
QMS2-17GRO-20,11473,316,QMS2,64.45869,-49.43216,9504,,
QMS2-17GRO-20,11473,316,QMS2,64.45869,-49.43216,9497,,
QMS2-17GRO-20,11473,316,QMS2,64.45869,-49.43216,11473,,
QMS2-17GRO-20,11473,316,QMS2,64.45869,-49.43216,9316,,
QMS2-17GRO-20,11473,316,QMS2,64.45869,-49.43216,9171,,
QMS2-17GRO-20,11473,316,QMS2,64.45869,-49.43216,9188,,
QMS2-17GRO-20,11473,316,QMS2,64.45869,-49.43216,9647,,
QMS2-17GRO-20,11473,316,QMS2,64.45869,-49.43216,9452,,
QMS2-17GRO-20,11473,316,QMS2,64.45869,-49.43216,10033,,
QMS2-17GRO-20,11473,316,QMS2,64.45869,-49.43216,9549,,
QMS2-17GRO-20,11473,316,QMS2,64.45869,-49.43216,9476,,
QMS2-17GRO-20,11473,316,QMS2,64.45869,-49.43216,9611,,
QMS2-17GRO-20,11473,316,QMS2,64.45869,-49.43216,10091,,
QMS2-17GRO-20,11473,316,QMS2,64.45869,-49.43216,10013,,
QMS2-17GRO-20,11473,316,QMS2,64.45869,-49.43216,9208,,
QMS2-17GRO-20,11473,316,QMS2,64.45869,-49.43216,9251,,
QMS2-17GRO-29,9316,277,QMS2,64.46424,-49.42605,8886,,
QMS2-17GRO-29,9316,277,QMS2,64.46424,-49.42605,11000,,
QMS2-17GRO-29,9316,277,QMS2,64.46424,-49.42605,9504,,
QMS2-17GRO-29,9316,277,QMS2,64.46424,-49.42605,9497,,
QMS2-17GRO-29,9316,277,QMS2,64.46424,-49.42605,11473,,
QMS2-17GRO-29,9316,277,QMS2,64.46424,-49.42605,9316,,
QMS2-17GRO-29,9316,277,QMS2,64.46424,-49.42605,9171,,
QMS2-17GRO-29,9316,277,QMS2,64.46424,-49.42605,9188,,
QMS2-17GRO-29,9316,277,QMS2,64.46424,-49.42605,9647,,
QMS2-17GRO-29,9316,277,QMS2,64.46424,-49.42605,9452,,
QMS2-17GRO-29,9316,277,QMS2,64.46424,-49.42605,10033,,
QMS2-17GRO-29,9316,277,QMS2,64.46424,-49.42605,9549,,
QMS2-17GRO-29,9316,277,QMS2,64.46424,-49.42605,9476,,
QMS2-17GRO-29,9316,277,QMS2,64.46424,-49.42605,9611,,
QMS2-17GRO-29,9316,277,QMS2,64.46424,-49.42605,10091,,
QMS2-17GRO-29,9316,277,QMS2,64.46424,-49.42605,10013,,
QMS2-17GRO-29,9316,277,QMS2,64.46424,-49.42605,9208,,
QMS2-17GRO-29,9316,277,QMS2,64.46424,-49.42605,9251,,
QMS2-17GRO-32,9171,274,QMS2,64.46567,-49.42298,8886,,
QMS2-17GRO-32,9171,274,QMS2,64.46567,-49.42298,11000,,
QMS2-17GRO-32,9171,274,QMS2,64.46567,-49.42298,9504,,
QMS2-17GRO-32,9171,274,QMS2,64.46567,-49.42298,9497,,
QMS2-17GRO-32,9171,274,QMS2,64.46567,-49.42298,11473,,
QMS2-17GRO-32,9171,274,QMS2,64.46567,-49.42298,9316,,
QMS2-17GRO-32,9171,274,QMS2,64.46567,-49.42298,9171,,
QMS2-17GRO-32,9171,274,QMS2,64.46567,-49.42298,9188,,
QMS2-17GRO-32,9171,274,QMS2,64.46567,-49.42298,9647,,
QMS2-17GRO-32,9171,274,QMS2,64.46567,-49.42298,9452,,
QMS2-17GRO-32,9171,274,QMS2,64.46567,-49.42298,10033,,
QMS2-17GRO-32,9171,274,QMS2,64.46567,-49.42298,9549,,
QMS2-17GRO-32,9171,274,QMS2,64.46567,-49.42298,9476,,
QMS2-17GRO-32,9171,274,QMS2,64.46567,-49.42298,9611,,
QMS2-17GRO-32,9171,274,QMS2,64.46567,-49.42298,10091,,
QMS2-17GRO-32,9171,274,QMS2,64.46567,-49.42298,10013,,
QMS2-17GRO-32,9171,274,QMS2,64.46567,-49.42298,9208,,
QMS2-17GRO-32,9171,274,QMS2,64.46567,-49.42298,9251,,
QMS2-17GRO-34,9188,274,QMS2,64.46509,-49.43287,8886,,
QMS2-17GRO-34,9188,274,QMS2,64.46509,-49.43287,11000,,
QMS2-17GRO-34,9188,274,QMS2,64.46509,-49.43287,9504,,
QMS2-17GRO-34,9188,274,QMS2,64.46509,-49.43287,9497,,
QMS2-17GRO-34,9188,274,QMS2,64.46509,-49.43287,11473,,
QMS2-17GRO-34,9188,274,QMS2,64.46509,-49.43287,9316,,
QMS2-17GRO-34,9188,274,QMS2,64.46509,-49.43287,9171,,
QMS2-17GRO-34,9188,274,QMS2,64.46509,-49.43287,9188,,
QMS2-17GRO-34,9188,274,QMS2,64.46509,-49.43287,9647,,
QMS2-17GRO-34,9188,274,QMS2,64.46509,-49.43287,9452,,
QMS2-17GRO-34,9188,274,QMS2,64.46509,-49.43287,10033,,
QMS2-17GRO-34,9188,274,QMS2,64.46509,-49.43287,9549,,
QMS2-17GRO-34,9188,274,QMS2,64.46509,-49.43287,9476,,
QMS2-17GRO-34,9188,274,QMS2,64.46509,-49.43287,9611,,
QMS2-17GRO-34,9188,274,QMS2,64.46509,-49.43287,10091,,
QMS2-17GRO-34,9188,274,QMS2,64.46509,-49.43287,10013,,
QMS2-17GRO-34,9188,274,QMS2,64.46509,-49.43287,9208,,
QMS2-17GRO-34,9188,274,QMS2,64.46509,-49.43287,9251,,
QMS2-17GRO-35,9647,285,QMS2,64.46796,-49.43473,8886,,
QMS2-17GRO-35,9647,285,QMS2,64.46796,-49.43473,11000,,
QMS2-17GRO-35,9647,285,QMS2,64.46796,-49.43473,9504,,
QMS2-17GRO-35,9647,285,QMS2,64.46796,-49.43473,9497,,
QMS2-17GRO-35,9647,285,QMS2,64.46796,-49.43473,11473,,
QMS2-17GRO-35,9647,285,QMS2,64.46796,-49.43473,9316,,
QMS2-17GRO-35,9647,285,QMS2,64.46796,-49.43473,9171,,
QMS2-17GRO-35,9647,285,QMS2,64.46796,-49.43473,9188,,
QMS2-17GRO-35,9647,285,QMS2,64.46796,-49.43473,9647,,
QMS2-17GRO-35,9647,285,QMS2,64.46796,-49.43473,9452,,
QMS2-17GRO-35,9647,285,QMS2,64.46796,-49.43473,10033,,
QMS2-17GRO-35,9647,285,QMS2,64.46796,-49.43473,9549,,
QMS2-17GRO-35,9647,285,QMS2,64.46796,-49.43473,9476,,
QMS2-17GRO-35,9647,285,QMS2,64.46796,-49.43473,9611,,
QMS2-17GRO-35,9647,285,QMS2,64.46796,-49.43473,10091,,
QMS2-17GRO-35,9647,285,QMS2,64.46796,-49.43473,10013,,
QMS2-17GRO-35,9647,285,QMS2,64.46796,-49.43473,9208,,
QMS2-17GRO-35,9647,285,QMS2,64.46796,-49.43473,9251,,
QMS2-17GRO-36,9452,277,QMS2,64.46804,-49.43491,8886,,
QMS2-17GRO-36,9452,277,QMS2,64.46804,-49.43491,11000,,
QMS2-17GRO-36,9452,277,QMS2,64.46804,-49.43491,9504,,
QMS2-17GRO-36,9452,277,QMS2,64.46804,-49.43491,9497,,
QMS2-17GRO-36,9452,277,QMS2,64.46804,-49.43491,11473,,
QMS2-17GRO-36,9452,277,QMS2,64.46804,-49.43491,9316,,
QMS2-17GRO-36,9452,277,QMS2,64.46804,-49.43491,9171,,
QMS2-17GRO-36,9452,277,QMS2,64.46804,-49.43491,9188,,
QMS2-17GRO-36,9452,277,QMS2,64.46804,-49.43491,9647,,
QMS2-17GRO-36,9452,277,QMS2,64.46804,-49.43491,9452,,
QMS2-17GRO-36,9452,277,QMS2,64.46804,-49.43491,10033,,
QMS2-17GRO-36,9452,277,QMS2,64.46804,-49.43491,9549,,
QMS2-17GRO-36,9452,277,QMS2,64.46804,-49.43491,9476,,
QMS2-17GRO-36,9452,277,QMS2,64.46804,-49.43491,9611,,
QMS2-17GRO-36,9452,277,QMS2,64.46804,-49.43491,10091,,
QMS2-17GRO-36,9452,277,QMS2,64.46804,-49.43491,10013,,
QMS2-17GRO-36,9452,277,QMS2,64.46804,-49.43491,9208,,
QMS2-17GRO-36,9452,277,QMS2,64.46804,-49.43491,9251,,
QMS2-17GRO-37,10033,363,QMS2,64.46714,-49.437,8886,,
QMS2-17GRO-37,10033,363,QMS2,64.46714,-49.437,11000,,
QMS2-17GRO-37,10033,363,QMS2,64.46714,-49.437,9504,,
QMS2-17GRO-37,10033,363,QMS2,64.46714,-49.437,9497,,
QMS2-17GRO-37,10033,363,QMS2,64.46714,-49.437,11473,,
QMS2-17GRO-37,10033,363,QMS2,64.46714,-49.437,9316,,
QMS2-17GRO-37,10033,363,QMS2,64.46714,-49.437,9171,,
QMS2-17GRO-37,10033,363,QMS2,64.46714,-49.437,9188,,
QMS2-17GRO-37,10033,363,QMS2,64.46714,-49.437,9647,,
QMS2-17GRO-37,10033,363,QMS2,64.46714,-49.437,9452,,
QMS2-17GRO-37,10033,363,QMS2,64.46714,-49.437,10033,,
QMS2-17GRO-37,10033,363,QMS2,64.46714,-49.437,9549,,
QMS2-17GRO-37,10033,363,QMS2,64.46714,-49.437,9476,,
QMS2-17GRO-37,10033,363,QMS2,64.46714,-49.437,9611,,
QMS2-17GRO-37,10033,363,QMS2,64.46714,-49.437,10091,,
QMS2-17GRO-37,10033,363,QMS2,64.46714,-49.437,10013,,
QMS2-17GRO-37,10033,363,QMS2,64.46714,-49.437,9208,,
QMS2-17GRO-37,10033,363,QMS2,64.46714,-49.437,9251,,
QMS2-17GRO-39,9549,244,QMS2,64.46519,-49.44123,8886,,
QMS2-17GRO-39,9549,244,QMS2,64.46519,-49.44123,11000,,
QMS2-17GRO-39,9549,244,QMS2,64.46519,-49.44123,9504,,
QMS2-17GRO-39,9549,244,QMS2,64.46519,-49.44123,9497,,
QMS2-17GRO-39,9549,244,QMS2,64.46519,-49.44123,11473,,
QMS2-17GRO-39,9549,244,QMS2,64.46519,-49.44123,9316,,
QMS2-17GRO-39,9549,244,QMS2,64.46519,-49.44123,9171,,
QMS2-17GRO-39,9549,244,QMS2,64.46519,-49.44123,9188,,
QMS2-17GRO-39,9549,244,QMS2,64.46519,-49.44123,9647,,
QMS2-17GRO-39,9549,244,QMS2,64.46519,-49.44123,9452,,
QMS2-17GRO-39,9549,244,QMS2,64.46519,-49.44123,10033,,
QMS2-17GRO-39,9549,244,QMS2,64.46519,-49.44123,9549,,
QMS2-17GRO-39,9549,244,QMS2,64.46519,-49.44123,9476,,
QMS2-17GRO-39,9549,244,QMS2,64.46519,-49.44123,9611,,
QMS2-17GRO-39,9549,244,QMS2,64.46519,-49.44123,10091,,
QMS2-17GRO-39,9549,244,QMS2,64.46519,-49.44123,10013,,
QMS2-17GRO-39,9549,244,QMS2,64.46519,-49.44123,9208,,
QMS2-17GRO-39,9549,244,QMS2,64.46519,-49.44123,9251,,
QMS2-17GRO-40,9476,279,QMS2,64.46251,-49.44231,8886,,
QMS2-17GRO-40,9476,279,QMS2,64.46251,-49.44231,11000,,
QMS2-17GRO-40,9476,279,QMS2,64.46251,-49.44231,9504,,
QMS2-17GRO-40,9476,279,QMS2,64.46251,-49.44231,9497,,
QMS2-17GRO-40,9476,279,QMS2,64.46251,-49.44231,11473,,
QMS2-17GRO-40,9476,279,QMS2,64.46251,-49.44231,9316,,
QMS2-17GRO-40,9476,279,QMS2,64.46251,-49.44231,9171,,
QMS2-17GRO-40,9476,279,QMS2,64.46251,-49.44231,9188,,
QMS2-17GRO-40,9476,279,QMS2,64.46251,-49.44231,9647,,
QMS2-17GRO-40,9476,279,QMS2,64.46251,-49.44231,9452,,
QMS2-17GRO-40,9476,279,QMS2,64.46251,-49.44231,10033,,
QMS2-17GRO-40,9476,279,QMS2,64.46251,-49.44231,9549,,
QMS2-17GRO-40,9476,279,QMS2,64.46251,-49.44231,9476,,
QMS2-17GRO-40,9476,279,QMS2,64.46251,-49.44231,9611,,
QMS2-17GRO-40,9476,279,QMS2,64.46251,-49.44231,10091,,
QMS2-17GRO-40,9476,279,QMS2,64.46251,-49.44231,10013,,
QMS2-17GRO-40,9476,279,QMS2,64.46251,-49.44231,9208,,
QMS2-17GRO-40,9476,279,QMS2,64.46251,-49.44231,9251,,
QMS2-17GRO-41,9611,275,QMS2,64.4629,-49.44788,8886,,
QMS2-17GRO-41,9611,275,QMS2,64.4629,-49.44788,11000,,
QMS2-17GRO-41,9611,275,QMS2,64.4629,-49.44788,9504,,
QMS2-17GRO-41,9611,275,QMS2,64.4629,-49.44788,9497,,
QMS2-17GRO-41,9611,275,QMS2,64.4629,-49.44788,11473,,
QMS2-17GRO-41,9611,275,QMS2,64.4629,-49.44788,9316,,
QMS2-17GRO-41,9611,275,QMS2,64.4629,-49.44788,9171,,
QMS2-17GRO-41,9611,275,QMS2,64.4629,-49.44788,9188,,
QMS2-17GRO-41,9611,275,QMS2,64.4629,-49.44788,9647,,
QMS2-17GRO-41,9611,275,QMS2,64.4629,-49.44788,9452,,
QMS2-17GRO-41,9611,275,QMS2,64.4629,-49.44788,10033,,
QMS2-17GRO-41,9611,275,QMS2,64.4629,-49.44788,9549,,
QMS2-17GRO-41,9611,275,QMS2,64.4629,-49.44788,9476,,
QMS2-17GRO-41,9611,275,QMS2,64.4629,-49.44788,9611,,
QMS2-17GRO-41,9611,275,QMS2,64.4629,-49.44788,10091,,
QMS2-17GRO-41,9611,275,QMS2,64.4629,-49.44788,10013,,
QMS2-17GRO-41,9611,275,QMS2,64.4629,-49.44788,9208,,
QMS2-17GRO-41,9611,275,QMS2,64.4629,-49.44788,9251,,
QMS2-17GRO-42,10091,282,QMS2,64.46244,-49.45117,8886,,
QMS2-17GRO-42,10091,282,QMS2,64.46244,-49.45117,11000,,
QMS2-17GRO-42,10091,282,QMS2,64.46244,-49.45117,9504,,
QMS2-17GRO-42,10091,282,QMS2,64.46244,-49.45117,9497,,
QMS2-17GRO-42,10091,282,QMS2,64.46244,-49.45117,11473,,
QMS2-17GRO-42,10091,282,QMS2,64.46244,-49.45117,9316,,
QMS2-17GRO-42,10091,282,QMS2,64.46244,-49.45117,9171,,
QMS2-17GRO-42,10091,282,QMS2,64.46244,-49.45117,9188,,
QMS2-17GRO-42,10091,282,QMS2,64.46244,-49.45117,9647,,
QMS2-17GRO-42,10091,282,QMS2,64.46244,-49.45117,9452,,
QMS2-17GRO-42,10091,282,QMS2,64.46244,-49.45117,10033,,
QMS2-17GRO-42,10091,282,QMS2,64.46244,-49.45117,9549,,
QMS2-17GRO-42,10091,282,QMS2,64.46244,-49.45117,9476,,
QMS2-17GRO-42,10091,282,QMS2,64.46244,-49.45117,9611,,
QMS2-17GRO-42,10091,282,QMS2,64.46244,-49.45117,10091,,
QMS2-17GRO-42,10091,282,QMS2,64.46244,-49.45117,10013,,
QMS2-17GRO-42,10091,282,QMS2,64.46244,-49.45117,9208,,
QMS2-17GRO-42,10091,282,QMS2,64.46244,-49.45117,9251,,
QMS2-17GRO-44,10013,334,QMS2,64.46081,-49.4462,8886,,
QMS2-17GRO-44,10013,334,QMS2,64.46081,-49.4462,11000,,
QMS2-17GRO-44,10013,334,QMS2,64.46081,-49.4462,9504,,
QMS2-17GRO-44,10013,334,QMS2,64.46081,-49.4462,9497,,
QMS2-17GRO-44,10013,334,QMS2,64.46081,-49.4462,11473,,
QMS2-17GRO-44,10013,334,QMS2,64.46081,-49.4462,9316,,
QMS2-17GRO-44,10013,334,QMS2,64.46081,-49.4462,9171,,
QMS2-17GRO-44,10013,334,QMS2,64.46081,-49.4462,9188,,
QMS2-17GRO-44,10013,334,QMS2,64.46081,-49.4462,9647,,
QMS2-17GRO-44,10013,334,QMS2,64.46081,-49.4462,9452,,
QMS2-17GRO-44,10013,334,QMS2,64.46081,-49.4462,10033,,
QMS2-17GRO-44,10013,334,QMS2,64.46081,-49.4462,9549,,
QMS2-17GRO-44,10013,334,QMS2,64.46081,-49.4462,9476,,
QMS2-17GRO-44,10013,334,QMS2,64.46081,-49.4462,9611,,
QMS2-17GRO-44,10013,334,QMS2,64.46081,-49.4462,10091,,
QMS2-17GRO-44,10013,334,QMS2,64.46081,-49.4462,10013,,
QMS2-17GRO-44,10013,334,QMS2,64.46081,-49.4462,9208,,
QMS2-17GRO-44,10013,334,QMS2,64.46081,-49.4462,9251,,
QMS2-17GRO-45,9208,276,QMS2,64.46078,-49.44607,8886,,
QMS2-17GRO-45,9208,276,QMS2,64.46078,-49.44607,11000,,
QMS2-17GRO-45,9208,276,QMS2,64.46078,-49.44607,9504,,
QMS2-17GRO-45,9208,276,QMS2,64.46078,-49.44607,9497,,
QMS2-17GRO-45,9208,276,QMS2,64.46078,-49.44607,11473,,
QMS2-17GRO-45,9208,276,QMS2,64.46078,-49.44607,9316,,
QMS2-17GRO-45,9208,276,QMS2,64.46078,-49.44607,9171,,
QMS2-17GRO-45,9208,276,QMS2,64.46078,-49.44607,9188,,
QMS2-17GRO-45,9208,276,QMS2,64.46078,-49.44607,9647,,
QMS2-17GRO-45,9208,276,QMS2,64.46078,-49.44607,9452,,
QMS2-17GRO-45,9208,276,QMS2,64.46078,-49.44607,10033,,
QMS2-17GRO-45,9208,276,QMS2,64.46078,-49.44607,9549,,
QMS2-17GRO-45,9208,276,QMS2,64.46078,-49.44607,9476,,
QMS2-17GRO-45,9208,276,QMS2,64.46078,-49.44607,9611,,
QMS2-17GRO-45,9208,276,QMS2,64.46078,-49.44607,10091,,
QMS2-17GRO-45,9208,276,QMS2,64.46078,-49.44607,10013,,
QMS2-17GRO-45,9208,276,QMS2,64.46078,-49.44607,9208,,
QMS2-17GRO-45,9208,276,QMS2,64.46078,-49.44607,9251,,
QMS2-17GRO-16,9251,276,QMS2,64.45847,-49.44398,8886,,
QMS2-17GRO-16,9251,276,QMS2,64.45847,-49.44398,11000,,
QMS2-17GRO-16,9251,276,QMS2,64.45847,-49.44398,9504,,
QMS2-17GRO-16,9251,276,QMS2,64.45847,-49.44398,9497,,
QMS2-17GRO-16,9251,276,QMS2,64.45847,-49.44398,11473,,
QMS2-17GRO-16,9251,276,QMS2,64.45847,-49.44398,9316,,
QMS2-17GRO-16,9251,276,QMS2,64.45847,-49.44398,9171,,
QMS2-17GRO-16,9251,276,QMS2,64.45847,-49.44398,9188,,
QMS2-17GRO-16,9251,276,QMS2,64.45847,-49.44398,9647,,
QMS2-17GRO-16,9251,276,QMS2,64.45847,-49.44398,9452,,
QMS2-17GRO-16,9251,276,QMS2,64.45847,-49.44398,10033,,
QMS2-17GRO-16,9251,276,QMS2,64.45847,-49.44398,9549,,
QMS2-17GRO-16,9251,276,QMS2,64.45847,-49.44398,9476,,
QMS2-17GRO-16,9251,276,QMS2,64.45847,-49.44398,9611,,
QMS2-17GRO-16,9251,276,QMS2,64.45847,-49.44398,10091,,
QMS2-17GRO-16,9251,276,QMS2,64.45847,-49.44398,10013,,
QMS2-17GRO-16,9251,276,QMS2,64.45847,-49.44398,9208,,
QMS2-17GRO-16,9251,276,QMS2,64.45847,-49.44398,9251,,
RECM-16GRO-23,8548,397,RECM,66.80196,-50.75574,8548,,
RECM-16GRO-23,8548,397,RECM,66.80196,-50.75574,8350,,
RECM-16GRO-23,8548,397,RECM,66.80196,-50.75574,8722,,
RECM-16GRO-22,8350,235,RECM,66.80159,-50.75763,8548,,
RECM-16GRO-22,8350,235,RECM,66.80159,-50.75763,8350,,
RECM-16GRO-22,8350,235,RECM,66.80159,-50.75763,8722,,
RECM-16GRO-24,8722,266,RECM,66.802,-50.75494,8548,,
RECM-16GRO-24,8722,266,RECM,66.802,-50.75494,8350,,
RECM-16GRO-24,8722,266,RECM,66.802,-50.75494,8722,,
SAM1-16GRO-52,9950,449,SAM1,67.0318,-52.39431,9950,,
SAM1-16GRO-52,9950,449,SAM1,67.0318,-52.39431,10003,,
SAM1-16GRO-52,9950,449,SAM1,67.0318,-52.39431,10083,,
SAM1-16GRO-52,9950,449,SAM1,67.0318,-52.39431,10201,,
SAM1-16GRO-52,9950,449,SAM1,67.0318,-52.39431,10033,,
SAM1-16GRO-52,9950,449,SAM1,67.0318,-52.39431,10251,,
SAM1-16GRO-51,10003,407,SAM1,67.03007,-52.39363,9950,,
SAM1-16GRO-51,10003,407,SAM1,67.03007,-52.39363,10003,,
SAM1-16GRO-51,10003,407,SAM1,67.03007,-52.39363,10083,,
SAM1-16GRO-51,10003,407,SAM1,67.03007,-52.39363,10201,,
SAM1-16GRO-51,10003,407,SAM1,67.03007,-52.39363,10033,,
SAM1-16GRO-51,10003,407,SAM1,67.03007,-52.39363,10251,,
SAM1-16GRO-49,10083,360,SAM1,67.03027,-52.39563,9950,,
SAM1-16GRO-49,10083,360,SAM1,67.03027,-52.39563,10003,,
SAM1-16GRO-49,10083,360,SAM1,67.03027,-52.39563,10083,,
SAM1-16GRO-49,10083,360,SAM1,67.03027,-52.39563,10201,,
SAM1-16GRO-49,10083,360,SAM1,67.03027,-52.39563,10033,,
SAM1-16GRO-49,10083,360,SAM1,67.03027,-52.39563,10251,,
SAM1-16GRO-54,10201,284,SAM1,67.03444,-52.3899,9950,,
SAM1-16GRO-54,10201,284,SAM1,67.03444,-52.3899,10003,,
SAM1-16GRO-54,10201,284,SAM1,67.03444,-52.3899,10083,,
SAM1-16GRO-54,10201,284,SAM1,67.03444,-52.3899,10201,,
SAM1-16GRO-54,10201,284,SAM1,67.03444,-52.3899,10033,,
SAM1-16GRO-54,10201,284,SAM1,67.03444,-52.3899,10251,,
SAM1-16GRO-55,10033,285,SAM1,67.03844,-52.37785,9950,,
SAM1-16GRO-55,10033,285,SAM1,67.03844,-52.37785,10003,,
SAM1-16GRO-55,10033,285,SAM1,67.03844,-52.37785,10083,,
SAM1-16GRO-55,10033,285,SAM1,67.03844,-52.37785,10201,,
SAM1-16GRO-55,10033,285,SAM1,67.03844,-52.37785,10033,,
SAM1-16GRO-55,10033,285,SAM1,67.03844,-52.37785,10251,,
SAM1-16GRO-56,10251,181,SAM1,67.03325,-52.39233,9950,,
SAM1-16GRO-56,10251,181,SAM1,67.03325,-52.39233,10003,,
SAM1-16GRO-56,10251,181,SAM1,67.03325,-52.39233,10083,,
SAM1-16GRO-56,10251,181,SAM1,67.03325,-52.39233,10201,,
SAM1-16GRO-56,10251,181,SAM1,67.03325,-52.39233,10033,,
SAM1-16GRO-56,10251,181,SAM1,67.03325,-52.39233,10251,,
SAM2-16GRO-65,10379,299,SAM2,67.12656,-52.33247,10379,,
SAM2-16GRO-65,10379,299,SAM2,67.12656,-52.33247,10361,,
SAM2-16GRO-65,10379,299,SAM2,67.12656,-52.33247,10251,,
SAM2-16GRO-65,10379,299,SAM2,67.12656,-52.33247,11064,,
SAM2-16GRO-65,10379,299,SAM2,67.12656,-52.33247,10246,,
SAM2-16GRO-65,10379,299,SAM2,67.12656,-52.33247,10491,,
SAM2-16GRO-65,10379,299,SAM2,67.12656,-52.33247,10497,,
SAM2-16GRO-65,10379,299,SAM2,67.12656,-52.33247,11523,,
SAM2-16GRO-64,10361,381,SAM2,67.12495,-52.34248,10379,,
SAM2-16GRO-64,10361,381,SAM2,67.12495,-52.34248,10361,,
SAM2-16GRO-64,10361,381,SAM2,67.12495,-52.34248,10251,,
SAM2-16GRO-64,10361,381,SAM2,67.12495,-52.34248,11064,,
SAM2-16GRO-64,10361,381,SAM2,67.12495,-52.34248,10246,,
SAM2-16GRO-64,10361,381,SAM2,67.12495,-52.34248,10491,,
SAM2-16GRO-64,10361,381,SAM2,67.12495,-52.34248,10497,,
SAM2-16GRO-64,10361,381,SAM2,67.12495,-52.34248,11523,,
SAM2-16GRO-59,10251,235,SAM2,67.12691,-52.34625,10379,,
SAM2-16GRO-59,10251,235,SAM2,67.12691,-52.34625,10361,,
SAM2-16GRO-59,10251,235,SAM2,67.12691,-52.34625,10251,,
SAM2-16GRO-59,10251,235,SAM2,67.12691,-52.34625,11064,,
SAM2-16GRO-59,10251,235,SAM2,67.12691,-52.34625,10246,,
SAM2-16GRO-59,10251,235,SAM2,67.12691,-52.34625,10491,,
SAM2-16GRO-59,10251,235,SAM2,67.12691,-52.34625,10497,,
SAM2-16GRO-59,10251,235,SAM2,67.12691,-52.34625,11523,,
SAM2-16GRO-60,11064,325,SAM2,67.12564,-52.34044,10379,,
SAM2-16GRO-60,11064,325,SAM2,67.12564,-52.34044,10361,,
SAM2-16GRO-60,11064,325,SAM2,67.12564,-52.34044,10251,,
SAM2-16GRO-60,11064,325,SAM2,67.12564,-52.34044,11064,,
SAM2-16GRO-60,11064,325,SAM2,67.12564,-52.34044,10246,,
SAM2-16GRO-60,11064,325,SAM2,67.12564,-52.34044,10491,,
SAM2-16GRO-60,11064,325,SAM2,67.12564,-52.34044,10497,,
SAM2-16GRO-60,11064,325,SAM2,67.12564,-52.34044,11523,,
SAM2-16GRO-61,10246,373,SAM2,67.1256,-52.34019,10379,,
SAM2-16GRO-61,10246,373,SAM2,67.1256,-52.34019,10361,,
SAM2-16GRO-61,10246,373,SAM2,67.1256,-52.34019,10251,,
SAM2-16GRO-61,10246,373,SAM2,67.1256,-52.34019,11064,,
SAM2-16GRO-61,10246,373,SAM2,67.1256,-52.34019,10246,,
SAM2-16GRO-61,10246,373,SAM2,67.1256,-52.34019,10491,,
SAM2-16GRO-61,10246,373,SAM2,67.1256,-52.34019,10497,,
SAM2-16GRO-61,10246,373,SAM2,67.1256,-52.34019,11523,,
SAM2-16GRO-62,10491,265,SAM2,67.12648,-52.34779,10379,,
SAM2-16GRO-62,10491,265,SAM2,67.12648,-52.34779,10361,,
SAM2-16GRO-62,10491,265,SAM2,67.12648,-52.34779,10251,,
SAM2-16GRO-62,10491,265,SAM2,67.12648,-52.34779,11064,,
SAM2-16GRO-62,10491,265,SAM2,67.12648,-52.34779,10246,,
SAM2-16GRO-62,10491,265,SAM2,67.12648,-52.34779,10491,,
SAM2-16GRO-62,10491,265,SAM2,67.12648,-52.34779,10497,,
SAM2-16GRO-62,10491,265,SAM2,67.12648,-52.34779,11523,,
SAM2-16GRO-63,10497,345,SAM2,67.12453,-52.34856,10379,,
SAM2-16GRO-63,10497,345,SAM2,67.12453,-52.34856,10361,,
SAM2-16GRO-63,10497,345,SAM2,67.12453,-52.34856,10251,,
SAM2-16GRO-63,10497,345,SAM2,67.12453,-52.34856,11064,,
SAM2-16GRO-63,10497,345,SAM2,67.12453,-52.34856,10246,,
SAM2-16GRO-63,10497,345,SAM2,67.12453,-52.34856,10491,,
SAM2-16GRO-63,10497,345,SAM2,67.12453,-52.34856,10497,,
SAM2-16GRO-63,10497,345,SAM2,67.12453,-52.34856,11523,,
SAM2-16GRO-66,11523,411,SAM2,67.12657,-52.33253,10379,,
SAM2-16GRO-66,11523,411,SAM2,67.12657,-52.33253,10361,,
SAM2-16GRO-66,11523,411,SAM2,67.12657,-52.33253,10251,,
SAM2-16GRO-66,11523,411,SAM2,67.12657,-52.33253,11064,,
SAM2-16GRO-66,11523,411,SAM2,67.12657,-52.33253,10246,,
SAM2-16GRO-66,11523,411,SAM2,67.12657,-52.33253,10491,,
SAM2-16GRO-66,11523,411,SAM2,67.12657,-52.33253,10497,,
SAM2-16GRO-66,11523,411,SAM2,67.12657,-52.33253,11523,,
14GROR-37,9885,205,SIQAT1,65.65093,-51.35024,9885,,
14GROR-37,9885,205,SIQAT1,65.65093,-51.35024,9505,,
14GROR-36,9505,180,SIQAT1,65.65123,-51.35028,9885,,
14GROR-36,9505,180,SIQAT1,65.65123,-51.35028,9505,,
14GROR-32,8807,171,SIQAT2,65.65106,-51.3504,8807,,
14GROR-32,8807,171,SIQAT2,65.65106,-51.3504,8607,,
14GROR-32,8807,171,SIQAT2,65.65106,-51.3504,8932,,
14GROR-32,8807,171,SIQAT2,65.65106,-51.3504,9203,,
14GROR-32,8807,171,SIQAT2,65.65106,-51.3504,8876,,
14GROR-31,8607,168,SIQAT2,65.65123,-51.3503,8807,,
14GROR-31,8607,168,SIQAT2,65.65123,-51.3503,8607,,
14GROR-31,8607,168,SIQAT2,65.65123,-51.3503,8932,,
14GROR-31,8607,168,SIQAT2,65.65123,-51.3503,9203,,
14GROR-31,8607,168,SIQAT2,65.65123,-51.3503,8876,,
14GROR-35,8932,156,SIQAT2,65.65082,-51.3501,8807,,
14GROR-35,8932,156,SIQAT2,65.65082,-51.3501,8607,,
14GROR-35,8932,156,SIQAT2,65.65082,-51.3501,8932,,
14GROR-35,8932,156,SIQAT2,65.65082,-51.3501,9203,,
14GROR-35,8932,156,SIQAT2,65.65082,-51.3501,8876,,
14GROR-34,9203,226,SIQAT2,65.65093,-51.3502,8807,,
14GROR-34,9203,226,SIQAT2,65.65093,-51.3502,8607,,
14GROR-34,9203,226,SIQAT2,65.65093,-51.3502,8932,,
14GROR-34,9203,226,SIQAT2,65.65093,-51.3502,9203,,
14GROR-34,9203,226,SIQAT2,65.65093,-51.3502,8876,,
14GROR-33,8876,154,SIQAT2,65.65102,-51.3504,8807,,
14GROR-33,8876,154,SIQAT2,65.65102,-51.3504,8607,,
14GROR-33,8876,154,SIQAT2,65.65102,-51.3504,8932,,
14GROR-33,8876,154,SIQAT2,65.65102,-51.3504,9203,,
14GROR-33,8876,154,SIQAT2,65.65102,-51.3504,8876,,
14GROR-30,9246,179,SIQAT3,65.65123,-51.3561,9246,,
14GROR-30,9246,179,SIQAT3,65.65123,-51.3561,8518,,
14GROR-29,8518,164,SIQAT3,65.65145,-51.3573,9246,,
14GROR-29,8518,164,SIQAT3,65.65145,-51.3573,8518,,
GL1562,7526,1093,STOREKOLD-,76.08667,-18.64208,7526,,
GL1562,7526,1093,STOREKOLD-,76.08667,-18.64208,11858,,
GL1562,7526,1093,STOREKOLD-,76.08667,-18.64208,11265,,
GL1562,7526,1093,STOREKOLD-,76.08667,-18.64208,11629,,
GL1562,7526,1093,STOREKOLD-,76.08667,-18.64208,9643,,
GL1562,7526,1093,STOREKOLD-,76.08667,-18.64208,10206,,
GL1561,11858,643,STOREKOLD-,76.08543,-18.64192,7526,,
GL1561,11858,643,STOREKOLD-,76.08543,-18.64192,11858,,
GL1561,11858,643,STOREKOLD-,76.08543,-18.64192,11265,,
GL1561,11858,643,STOREKOLD-,76.08543,-18.64192,11629,,
GL1561,11858,643,STOREKOLD-,76.08543,-18.64192,9643,,
GL1561,11858,643,STOREKOLD-,76.08543,-18.64192,10206,,
GL1563,11265,346,STOREKOLD-,76.08826,-18.65223,7526,,
GL1563,11265,346,STOREKOLD-,76.08826,-18.65223,11858,,
GL1563,11265,346,STOREKOLD-,76.08826,-18.65223,11265,,
GL1563,11265,346,STOREKOLD-,76.08826,-18.65223,11629,,
GL1563,11265,346,STOREKOLD-,76.08826,-18.65223,9643,,
GL1563,11265,346,STOREKOLD-,76.08826,-18.65223,10206,,
GL1564,11629,881,STOREKOLD-,76.08894,-18.65232,7526,,
GL1564,11629,881,STOREKOLD-,76.08894,-18.65232,11858,,
GL1564,11629,881,STOREKOLD-,76.08894,-18.65232,11265,,
GL1564,11629,881,STOREKOLD-,76.08894,-18.65232,11629,,
GL1564,11629,881,STOREKOLD-,76.08894,-18.65232,9643,,
GL1564,11629,881,STOREKOLD-,76.08894,-18.65232,10206,,
GL1567,9643,991,STOREKOLD-,76.08941,-18.65243,7526,,
GL1567,9643,991,STOREKOLD-,76.08941,-18.65243,11858,,
GL1567,9643,991,STOREKOLD-,76.08941,-18.65243,11265,,
GL1567,9643,991,STOREKOLD-,76.08941,-18.65243,11629,,
GL1567,9643,991,STOREKOLD-,76.08941,-18.65243,9643,,
GL1567,9643,991,STOREKOLD-,76.08941,-18.65243,10206,,
GL1566,10206,561,STOREKOLD-,76.08934,-18.65239,7526,,
GL1566,10206,561,STOREKOLD-,76.08934,-18.65239,11858,,
GL1566,10206,561,STOREKOLD-,76.08934,-18.65239,11265,,
GL1566,10206,561,STOREKOLD-,76.08934,-18.65239,11629,,
GL1566,10206,561,STOREKOLD-,76.08934,-18.65239,9643,,
GL1566,10206,561,STOREKOLD-,76.08934,-18.65239,10206,,
NKu02,9241,638,TA-M5,66.15481,-37.04726,9241,,
GL1736,10288,429,TASER2,77.664,-69.60056,10288,,
FST08-02,7892,158,TASIUSSAQ-,69.2019,-51.086,7892,,
FST08-02,7892,158,TASIUSSAQ-,69.2019,-51.086,8333,,
FST08-02,7892,158,TASIUSSAQ-,69.2019,-51.086,8168,,
FST08-02,7892,158,TASIUSSAQ-,69.2019,-51.086,8159,,
FST08-02,7892,158,TASIUSSAQ-,69.2019,-51.086,8111,,
FST08-02,7892,158,TASIUSSAQ-,69.2019,-51.086,8001,,
FST08-01,8333,142,TASIUSSAQ-,69.2022,-51.0878,7892,,
FST08-01,8333,142,TASIUSSAQ-,69.2022,-51.0878,8333,,
FST08-01,8333,142,TASIUSSAQ-,69.2022,-51.0878,8168,,
FST08-01,8333,142,TASIUSSAQ-,69.2022,-51.0878,8159,,
FST08-01,8333,142,TASIUSSAQ-,69.2022,-51.0878,8111,,
FST08-01,8333,142,TASIUSSAQ-,69.2022,-51.0878,8001,,
09GRO-12,8168,189,TASIUSSAQ-,69.113,-51.0343,7892,,
09GRO-12,8168,189,TASIUSSAQ-,69.113,-51.0343,8333,,
09GRO-12,8168,189,TASIUSSAQ-,69.113,-51.0343,8168,,
09GRO-12,8168,189,TASIUSSAQ-,69.113,-51.0343,8159,,
09GRO-12,8168,189,TASIUSSAQ-,69.113,-51.0343,8111,,
09GRO-12,8168,189,TASIUSSAQ-,69.113,-51.0343,8001,,
09GRO-09,8159,155,TASIUSSAQ-,69.113,-51.036,7892,,
09GRO-09,8159,155,TASIUSSAQ-,69.113,-51.036,8333,,
09GRO-09,8159,155,TASIUSSAQ-,69.113,-51.036,8168,,
09GRO-09,8159,155,TASIUSSAQ-,69.113,-51.036,8159,,
09GRO-09,8159,155,TASIUSSAQ-,69.113,-51.036,8111,,
09GRO-09,8159,155,TASIUSSAQ-,69.113,-51.036,8001,,
09GRO-08,8111,202,TASIUSSAQ-,69.1131,-51.0371,7892,,
09GRO-08,8111,202,TASIUSSAQ-,69.1131,-51.0371,8333,,
09GRO-08,8111,202,TASIUSSAQ-,69.1131,-51.0371,8168,,
09GRO-08,8111,202,TASIUSSAQ-,69.1131,-51.0371,8159,,
09GRO-08,8111,202,TASIUSSAQ-,69.1131,-51.0371,8111,,
09GRO-08,8111,202,TASIUSSAQ-,69.1131,-51.0371,8001,,
09GRO-11,8001,186,TASIUSSAQ-,69.1129,-51.0344,7892,,
09GRO-11,8001,186,TASIUSSAQ-,69.1129,-51.0344,8333,,
09GRO-11,8001,186,TASIUSSAQ-,69.1129,-51.0344,8168,,
09GRO-11,8001,186,TASIUSSAQ-,69.1129,-51.0344,8159,,
09GRO-11,8001,186,TASIUSSAQ-,69.1129,-51.0344,8111,,
09GRO-11,8001,186,TASIUSSAQ-,69.1129,-51.0344,8001,,
TSQM-16GRO-32,11988,405,TSQM,67.04926,-52.90968,11988,,
TSQM-16GRO-32,11988,405,TSQM,67.04926,-52.90968,11369,,
TSQM-16GRO-32,11988,405,TSQM,67.04926,-52.90968,11334,,
TSQM-16GRO-32,11988,405,TSQM,67.04926,-52.90968,11709,,
TSQM-16GRO-32,11988,405,TSQM,67.04926,-52.90968,11022,,
TSQM-16GRO-34,11369,386,TSQM,67.04987,-52.91194,11988,,
TSQM-16GRO-34,11369,386,TSQM,67.04987,-52.91194,11369,,
TSQM-16GRO-34,11369,386,TSQM,67.04987,-52.91194,11334,,
TSQM-16GRO-34,11369,386,TSQM,67.04987,-52.91194,11709,,
TSQM-16GRO-34,11369,386,TSQM,67.04987,-52.91194,11022,,
TSQM-16GRO-35,11334,318,TSQM,67.05123,-52.91484,11988,,
TSQM-16GRO-35,11334,318,TSQM,67.05123,-52.91484,11369,,
TSQM-16GRO-35,11334,318,TSQM,67.05123,-52.91484,11334,,
TSQM-16GRO-35,11334,318,TSQM,67.05123,-52.91484,11709,,
TSQM-16GRO-35,11334,318,TSQM,67.05123,-52.91484,11022,,
TSQM-16GRO-36,11709,317,TSQM,67.0533,-52.91747,11988,,
TSQM-16GRO-36,11709,317,TSQM,67.0533,-52.91747,11369,,
TSQM-16GRO-36,11709,317,TSQM,67.0533,-52.91747,11334,,
TSQM-16GRO-36,11709,317,TSQM,67.0533,-52.91747,11709,,
TSQM-16GRO-36,11709,317,TSQM,67.0533,-52.91747,11022,,
TSQM-16GRO-33,11022,421,TSQM,67.04841,-52.90932,11988,,
TSQM-16GRO-33,11022,421,TSQM,67.04841,-52.90932,11369,,
TSQM-16GRO-33,11022,421,TSQM,67.04841,-52.90932,11334,,
TSQM-16GRO-33,11022,421,TSQM,67.04841,-52.90932,11709,,
TSQM-16GRO-33,11022,421,TSQM,67.04841,-52.90932,11022,,
10-CF-9,9597,1056,UmiM,71.0808,-22.4552,9597,,
UVKG-16GRO-21,7998,303,UVKG,66.80608,-50.76029,7998,,
UVKG-16GRO-21,7998,303,UVKG,66.80608,-50.76029,7865,,
UVKG-16GRO-21,7998,303,UVKG,66.80608,-50.76029,7829,,
UVKG-16GRO-21,7998,303,UVKG,66.80608,-50.76029,8438,,
UVKG-16GRO-20,7865,245,UVKG,66.80582,-50.76134,7998,,
UVKG-16GRO-20,7865,245,UVKG,66.80582,-50.76134,7865,,
UVKG-16GRO-20,7865,245,UVKG,66.80582,-50.76134,7829,,
UVKG-16GRO-20,7865,245,UVKG,66.80582,-50.76134,8438,,
UVKG-16GRO-18,7829,277,UVKG,66.80584,-50.76294,7998,,
UVKG-16GRO-18,7829,277,UVKG,66.80584,-50.76294,7865,,
UVKG-16GRO-18,7829,277,UVKG,66.80584,-50.76294,7829,,
UVKG-16GRO-18,7829,277,UVKG,66.80584,-50.76294,8438,,
UVKG-16GRO-19,8438,334,UVKG,66.80578,-50.76169,7998,,
UVKG-16GRO-19,8438,334,UVKG,66.80578,-50.76169,7865,,
UVKG-16GRO-19,8438,334,UVKG,66.80578,-50.76169,7829,,
UVKG-16GRO-19,8438,334,UVKG,66.80578,-50.76169,8438,,
MKG-152,10972,313,VINKE-RTMO,70.562,-26.105,10972,,
MKG-152,10972,313,VINKE-RTMO,70.562,-26.105,11099,,
MKG-152,10972,313,VINKE-RTMO,70.562,-26.105,10961,,
MKG-152,10972,313,VINKE-RTMO,70.562,-26.105,11482,,
MKG-152,10972,313,VINKE-RTMO,70.562,-26.105,9554,,
MKG-152,10972,313,VINKE-RTMO,70.562,-26.105,11738,,
MKG-152,10972,313,VINKE-RTMO,70.562,-26.105,10752,,
MKG-152,10972,313,VINKE-RTMO,70.562,-26.105,10772,,
MKG-151,11099,239,VINKE-RTMO,70.561,-26.105,10972,,
MKG-151,11099,239,VINKE-RTMO,70.561,-26.105,11099,,
MKG-151,11099,239,VINKE-RTMO,70.561,-26.105,10961,,
MKG-151,11099,239,VINKE-RTMO,70.561,-26.105,11482,,
MKG-151,11099,239,VINKE-RTMO,70.561,-26.105,9554,,
MKG-151,11099,239,VINKE-RTMO,70.561,-26.105,11738,,
MKG-151,11099,239,VINKE-RTMO,70.561,-26.105,10752,,
MKG-151,11099,239,VINKE-RTMO,70.561,-26.105,10772,,
MKG-148,10961,232,VINKE-RTMO,70.562,-26.105,10972,,
MKG-148,10961,232,VINKE-RTMO,70.562,-26.105,11099,,
MKG-148,10961,232,VINKE-RTMO,70.562,-26.105,10961,,
MKG-148,10961,232,VINKE-RTMO,70.562,-26.105,11482,,
MKG-148,10961,232,VINKE-RTMO,70.562,-26.105,9554,,
MKG-148,10961,232,VINKE-RTMO,70.562,-26.105,11738,,
MKG-148,10961,232,VINKE-RTMO,70.562,-26.105,10752,,
MKG-148,10961,232,VINKE-RTMO,70.562,-26.105,10772,,
MKG-145,11482,269,VINKE-RTMO,70.564,-26.105,10972,,
MKG-145,11482,269,VINKE-RTMO,70.564,-26.105,11099,,
MKG-145,11482,269,VINKE-RTMO,70.564,-26.105,10961,,
MKG-145,11482,269,VINKE-RTMO,70.564,-26.105,11482,,
MKG-145,11482,269,VINKE-RTMO,70.564,-26.105,9554,,
MKG-145,11482,269,VINKE-RTMO,70.564,-26.105,11738,,
MKG-145,11482,269,VINKE-RTMO,70.564,-26.105,10752,,
MKG-145,11482,269,VINKE-RTMO,70.564,-26.105,10772,,
MKG-142,9554,370,VINKE-RTMO,70.566,-26.105,10972,,
MKG-142,9554,370,VINKE-RTMO,70.566,-26.105,11099,,
MKG-142,9554,370,VINKE-RTMO,70.566,-26.105,10961,,
MKG-142,9554,370,VINKE-RTMO,70.566,-26.105,11482,,
MKG-142,9554,370,VINKE-RTMO,70.566,-26.105,9554,,
MKG-142,9554,370,VINKE-RTMO,70.566,-26.105,11738,,
MKG-142,9554,370,VINKE-RTMO,70.566,-26.105,10752,,
MKG-142,9554,370,VINKE-RTMO,70.566,-26.105,10772,,
MKG-144,11738,320,VINKE-RTMO,70.564,-26.105,10972,,
MKG-144,11738,320,VINKE-RTMO,70.564,-26.105,11099,,
MKG-144,11738,320,VINKE-RTMO,70.564,-26.105,10961,,
MKG-144,11738,320,VINKE-RTMO,70.564,-26.105,11482,,
MKG-144,11738,320,VINKE-RTMO,70.564,-26.105,9554,,
MKG-144,11738,320,VINKE-RTMO,70.564,-26.105,11738,,
MKG-144,11738,320,VINKE-RTMO,70.564,-26.105,10752,,
MKG-144,11738,320,VINKE-RTMO,70.564,-26.105,10772,,
MKG-141,10752,279,VINKE-RTMO,70.567,-26.105,10972,,
MKG-141,10752,279,VINKE-RTMO,70.567,-26.105,11099,,
MKG-141,10752,279,VINKE-RTMO,70.567,-26.105,10961,,
MKG-141,10752,279,VINKE-RTMO,70.567,-26.105,11482,,
MKG-141,10752,279,VINKE-RTMO,70.567,-26.105,9554,,
MKG-141,10752,279,VINKE-RTMO,70.567,-26.105,11738,,
MKG-141,10752,279,VINKE-RTMO,70.567,-26.105,10752,,
MKG-141,10752,279,VINKE-RTMO,70.567,-26.105,10772,,
MKG-140,10772,275,VINKE-RTMO,70.568,-26.105,10972,,
MKG-140,10772,275,VINKE-RTMO,70.568,-26.105,11099,,
MKG-140,10772,275,VINKE-RTMO,70.568,-26.105,10961,,
MKG-140,10772,275,VINKE-RTMO,70.568,-26.105,11482,,
MKG-140,10772,275,VINKE-RTMO,70.568,-26.105,9554,,
MKG-140,10772,275,VINKE-RTMO,70.568,-26.105,11738,,
MKG-140,10772,275,VINKE-RTMO,70.568,-26.105,10752,,
MKG-140,10772,275,VINKE-RTMO,70.568,-26.105,10772,,
22-ZAC-18,7370,838,ZAK-EM1,74.4755,-20.6414,7370,,
22-ZAC-18,7370,838,ZAK-EM1,74.4755,-20.6414,11965,,
22-ZAC-18,7370,838,ZAK-EM1,74.4755,-20.6414,12281,,
22-ZAC-19,11965,601,ZAK-EM1,74.4783,-20.6298,7370,,
22-ZAC-19,11965,601,ZAK-EM1,74.4783,-20.6298,11965,,
22-ZAC-19,11965,601,ZAK-EM1,74.4783,-20.6298,12281,,
22-ZAC-20,12281,638,ZAK-EM1,74.4781,-20.6234,7370,,
22-ZAC-20,12281,638,ZAK-EM1,74.4781,-20.6234,11965,,
22-ZAC-20,12281,638,ZAK-EM1,74.4781,-20.6234,12281,,
22-ZAC-24,11503,544,ZAK-SEM5,74.5262,-20.6929,11503,,
22-ZAC-24,11503,544,ZAK-SEM5,74.5262,-20.6929,11319,,
22-ZAC-24,11503,544,ZAK-SEM5,74.5262,-20.6929,11573,,
22-ZAC-25,11319,888,ZAK-SEM5,74.5263,-20.6928,11503,,
22-ZAC-25,11319,888,ZAK-SEM5,74.5263,-20.6928,11319,,
22-ZAC-25,11319,888,ZAK-SEM5,74.5263,-20.6928,11573,,
22-ZAC-26,11573,470,ZAK-SEM5,74.5263,-20.6931,11503,,
22-ZAC-26,11573,470,ZAK-SEM5,74.5263,-20.6931,11319,,
22-ZAC-26,11573,470,ZAK-SEM5,74.5263,-20.6931,11573,,
22-ZAC-29,10608,521,ZAK-SEM7,74.5236,-20.6955,10608,,
22-ZAC-29,10608,521,ZAK-SEM7,74.5236,-20.6955,11692,,
22-ZAC-28,11692,689,ZAK-SEM7,74.5236,-20.6955,10608,,
22-ZAC-28,11692,689,ZAK-SEM7,74.5236,-20.6955,11692,,
22-ZAC-33,10186,527,ZAK-VMI,74.5001,-20.6264,10186,,
22-ZAC-04,11721,665,ZAK-VMO,74.4842,-20.5944,11721,,
22-ZAC-04,11721,665,ZAK-VMO,74.4842,-20.5944,10040,,
22-ZAC-04,11721,665,ZAK-VMO,74.4842,-20.5944,11629,,
22-ZAC-04,11721,665,ZAK-VMO,74.4842,-20.5944,10908,,
22-ZAC-B1,10040,480,ZAK-VMO,74.4848,-20.5849,11721,,
22-ZAC-B1,10040,480,ZAK-VMO,74.4848,-20.5849,10040,,
22-ZAC-B1,10040,480,ZAK-VMO,74.4848,-20.5849,11629,,
22-ZAC-B1,10040,480,ZAK-VMO,74.4848,-20.5849,10908,,
22-ZAC-B2,11629,451,ZAK-VMO,74.486,-20.5967,11721,,
22-ZAC-B2,11629,451,ZAK-VMO,74.486,-20.5967,10040,,
22-ZAC-B2,11629,451,ZAK-VMO,74.486,-20.5967,11629,,
22-ZAC-B2,11629,451,ZAK-VMO,74.486,-20.5967,10908,,
22-ZAC-01b,10908,779,ZAK-VMO,74.4869,-20.5797,11721,,
22-ZAC-01b,10908,779,ZAK-VMO,74.4869,-20.5797,10040,,
22-ZAC-01b,10908,779,ZAK-VMO,74.4869,-20.5797,11629,,
22-ZAC-01b,10908,779,ZAK-VMO,74.4869,-20.5797,10908,,
22-ZAC-12,11358,455,ZAK-WM1,74.4991,-20.4379,11358,,
22-ZAC-17,12257,3287,ZAK-WMU,74.4828,-20.5145,12257,,
